ticker,event_ticker,category,side,contracts,maker_contracts,taker_contracts,avg_entry_price_cents,basis_cents,fees_cents,net_pnl_cents,return,entry_ts,exit_ts,holding_s,result
APRPOTUS-21NOV05-T42.3,APRPOTUS-21NOV05,Politics,yes,126,126,0,95.0,11970,0,630,0.05263157894736842,1636135062,1636232400,97338,yes
CPI-21DEC-T0.8,CPI-21DEC,Economics,no,17,17,0,92.0,1564,3,133,0.0850383631713555,1641946366,1642068007,121641,no
DCEIL-21OCT01,DCEIL-21OCT,Politics,no,39,39,0,98.0,3822,0,78,0.02040816326530612,1633045341,1633273200,227859,no
DCEIL-23JUN1,DCEIL-23DEC31,Politics,no,520,520,0,96.0,49920,0,2080,0.041666666666666664,1685662854,1685765521,102667,no
FED-22JULY-T2.25,FED-22JUL,Economics,yes,332,332,0,97.0,32204,17,979,0.03039995031673084,1658931567,1658959200,27633,yes
FED-22JULY-T2.50,FED-22JUL,Economics,no,695,695,0,71.42446043165468,49640,649,9556,0.19250604351329573,1657720854,1658959260,1238406,no
FED-22JUN-T1.50,FED-22JUN,Economics,no,2244,2099,145,17.199197860962567,38595,670,-39265,-1.0173597616271537,1655168611,1655338500,169889,yes
FED-22MAR-T0.25,FED-22MAR,Economics,yes,26,26,0,97.0,2522,2,76,0.03013481363996828,1647445135,1647465424,20289,yes
FED-22MAR-T0.5,FED-22MAR,Economics,no,116,116,0,94.0,10904,12,684,0.06272927366104182,1647444209,1647465424,21215,no
FED-22MAY-T0.75,FED-22MAY,Economics,yes,213,213,0,96.0,20448,15,837,0.0409330985915493,1651670747,1651698360,27613,yes
FED-22MAY-T1,FED-22MAY,Economics,no,116,116,0,94.0,10904,12,684,0.06272927366104182,1651674783,1651698360,23577,no
FED-22NOV-T3.75,FED-22NOV,Economics,yes,213,213,0,96.0,20448,15,837,0.0409330985915493,1667404125,1667450161,46036,yes
FED-22NOV-T4.00,FED-22NOV,Economics,no,11,11,0,98.0,1078,1,21,0.01948051948051948,1667407518,1667450160,42642,no
FED-22SEP-T3.00,FED-22SEP,Economics,yes,373,373,0,98.0,36554,13,733,0.020052525031460305,1663780387,1663814280,33893,yes
FED-22SEP-T3.25,FED-22SEP,Economics,no,51,51,0,90.0,4590,9,501,0.10915032679738562,1663767203,1663814280,47077,no
FED-23FEB-T4.75,FED-23FEB,Economics,no,8,8,0,97.0,776,1,23,0.029639175257731958,1675260219,1675289460,29241,no
FED-23JUN-T5.25,FED-23JUN,Economics,no,332,332,0,97.0,32204,17,979,0.03039995031673084,1686761893,1686780060,18167,no
FED-23MAR-T5.00,FED-23MAR,Economics,no,213,213,0,96.0,20448,15,837,0.0409330985915493,1679496591,1679519221,22630,no
FED-23MAY-T5.00,FED-23MAY,Economics,yes,116,116,0,94.0,10904,12,684,0.06272927366104182,1683122358,1683147961,25603,yes
FED-24JUN-T5.25,FED-24JUN,Economics,yes,505,505,0,98.0,49490,18,992,0.02004445342493433,1718201328,1718265960,64632,yes
FEDDECISION-23JUL-H25,FEDDECISION-23JUL,Economics,yes,61,61,0,98.0,5978,3,119,0.01990632318501171,1690393087,1690445640,52553,yes
FEDDECISION-23JUN-H0,FEDDECISION-23JUN,Economics,yes,2,2,0,96.0,192,1,7,0.036458333333333336,1686764853,1686819720,54867,yes
FEDDECISION-23JUN-H25,FEDDECISION-23JUN,Economics,no,124,124,0,96.0,11904,9,487,0.04091061827956989,1686765097,1686819720,54623,no
FEDDECISION-23MAY-H0,FEDDECISION-23MAY,Economics,no,116,116,0,94.0,10904,12,684,0.06272927366104182,1683134247,1683148021,13774,no
FEDDECISION-23MAY-H25,FEDDECISION-23MAY,Economics,yes,92,92,0,93.0,8556,11,633,0.07398316970546985,1683122330,1683148021,25691,yes
FEDDECISION-23NOV-H25,FEDDECISION-23NOV,Economics,no,123,123,0,98.0,12054,5,241,0.019993363198938113,1698857271,1698914400,57129,no
FEDDECISION-23SEP-H25,FEDDECISION-23SEP,Economics,no,108,108,0,98.0,10584,4,212,0.0200302343159486,1695218032,1695305040,87008,no
FEDDECISION-24JUL-C25,FEDDECISION-24JUL,Economics,no,125,125,0,97.0,12125,7,368,0.030350515463917527,1722432000,1722457201,25201,no
FEDDECISION-24JUL-H0,FEDDECISION-24JUL,Economics,yes,58,58,0,97.0,5626,3,171,0.0303945965161749,1722433755,1722457201,23446,yes
FEDDECISION-24JUN-C25,FEDDECISION-24JUN,Economics,no,70,70,0,98.0,6860,3,137,0.019970845481049562,1718210724,1718223061,12337,no
FEDDECISION-24JUN-H0,FEDDECISION-24JUN,Economics,yes,160,160,0,98.0,15680,6,314,0.020025510204081633,1718209767,1718223061,13294,yes
GASM-22JUL11-A4.60,GASM-22JUL11,Economics,no,94,94,0,96.0,9024,0,376,0.041666666666666664,1657570044,1657645440,75396,no
HIGHAUS-23DEC10-B59.5,HIGHAUS-23DEC10,Climate and Weather,yes,64,64,0,97.0,6208,0,192,0.030927835051546393,1702256875,1702303380,46505,yes
HIGHAUS-23NOV30-B73.5,HIGHAUS-23NOV30,Climate and Weather,yes,12,12,0,98.0,1176,0,24,0.02040816326530612,1701396749,1701439440,42691,yes
HIGHAUS-24APR01-B87.5,HIGHAUS-24APR01,Climate and Weather,no,8,8,0,98.0,784,0,16,0.02040816326530612,1712026584,1712063700,37116,no
HIGHAUS-24APR06-B79.5,HIGHAUS-24APR06,Climate and Weather,yes,4,4,0,97.0,388,0,12,0.030927835051546393,1712455110,1712498580,43470,yes
HIGHAUS-24APR08-B79.5,HIGHAUS-24APR08,Climate and Weather,yes,3,3,0,98.0,294,0,6,0.02040816326530612,1712631258,1712669160,37902,yes
HIGHAUS-24APR08-B81.5,HIGHAUS-24APR08,Climate and Weather,no,4,4,0,98.0,392,0,8,0.02040816326530612,1712631936,1712669160,37224,no
HIGHAUS-24APR11-B81.5,HIGHAUS-24APR11,Climate and Weather,yes,3,3,0,97.0,291,0,9,0.030927835051546393,1712885608,1712926920,41312,yes
HIGHAUS-24APR22-B73.5,HIGHAUS-24APR22,Climate and Weather,yes,2,2,0,98.0,196,0,4,0.02040816326530612,1713834181,1713882060,47879,yes
HIGHAUS-24APR22-T74,HIGHAUS-24APR22,Climate and Weather,no,8,8,0,98.0,784,0,16,0.02040816326530612,1713834193,1713882060,47867,no
HIGHAUS-24FEB06-B69.5,HIGHAUS-24FEB06,Climate and Weather,yes,12,12,0,97.0,1164,0,36,0.030927835051546393,1707272074,1707315180,43106,yes
HIGHAUS-24FEB23-B76.5,HIGHAUS-24FEB23,Climate and Weather,no,5,5,0,97.0,485,0,15,0.030927835051546393,1708734213,1708784580,50367,no
HIGHAUS-24JAN27-B62.5,HIGHAUS-24JAN27,Climate and Weather,yes,6,6,0,91.0,546,0,54,0.0989010989010989,1706400423,1706479980,79557,yes
HIGHAUS-24JUL05-B98.5,HIGHAUS-24JUL05,Climate and Weather,no,281,281,0,98.0,27538,0,562,0.02040816326530612,1720221773,1720273620,51847,no
HIGHAUS-24JUL12-B89.5,HIGHAUS-24JUL12,Climate and Weather,no,109,109,0,98.0,10682,0,218,0.02040816326530612,1720837294,1720875780,38486,no
HIGHAUS-24JUN24-B98.5,HIGHAUS-24JUN24,Climate and Weather,no,1,1,0,98.0,98,0,2,0.02040816326530612,1719274383,1719320880,46497,no
HIGHAUS-24JUN28-B96.5,HIGHAUS-24JUN28,Climate and Weather,yes,66,66,0,97.0,6402,0,198,0.030927835051546393,1719623884,1719667320,43436,yes
HIGHAUS-24MAR03-B80.5,HIGHAUS-24MAR03,Climate and Weather,yes,6,6,0,97.0,582,0,18,0.030927835051546393,1709512004,1709561220,49216,yes
HIGHAUS-24MAR03-T81,HIGHAUS-24MAR03,Climate and Weather,no,52,52,0,97.0,5044,0,156,0.030927835051546393,1709528172,1709561220,33048,no
HIGHAUS-24MAR20-B69.5,HIGHAUS-24MAR20,Climate and Weather,no,1,1,0,97.0,97,0,3,0.030927835051546393,1710991965,1711028100,36135,no
HIGHAUS-24MAR30-B81.5,HIGHAUS-24MAR30,Climate and Weather,no,26,26,0,97.0,2522,0,78,0.030927835051546393,1711847086,1711891320,44234,no
HIGHAUS-24MAY20-B93.5,HIGHAUS-24MAY20,Climate and Weather,yes,2,2,0,98.0,196,0,4,0.02040816326530612,1716249884,1716296520,46636,yes
HIGHCHI-21DEC05-T48,HIGHCHI-21DEC05,Climate and Weather,no,41,41,0,96.0,3936,0,164,0.041666666666666664,1638749160,1638853202,104042,no
HIGHCHI-21DEC31-T46,HIGHCHI-21DEC31,Climate and Weather,no,163,163,0,96.0,15648,0,652,0.041666666666666664,1640997181,1641060120,62939,no
HIGHCHI-21NOV13-T40,HIGHCHI-21NOV13,Climate and Weather,yes,2,2,0,95.0,190,0,10,0.05263157894736842,1636853739,1636952820,99081,yes
HIGHCHI-21OCT10-T84,HIGHCHI-21OCT10,Climate and Weather,no,30,30,0,93.0,2790,0,210,0.07526881720430108,1633908853,1634050860,142007,no
HIGHCHI-22APR05-T55,HIGHCHI-22APR05,Climate and Weather,no,17,17,0,97.0,1649,0,51,0.030927835051546393,1649216619,1649264640,48021,no
HIGHCHI-22APR07-T46,HIGHCHI-22APR07,Climate and Weather,no,7,7,0,97.0,679,0,21,0.030927835051546393,1649383084,1649437440,54356,no
HIGHCHI-22APR20-T56,HIGHCHI-22APR20,Climate and Weather,no,48,48,0,96.0,4608,0,192,0.041666666666666664,1650497632,1650560520,62888,no
HIGHCHI-22APR25-T57,HIGHCHI-22APR25,Climate and Weather,yes,153,153,0,96.0,14688,0,612,0.041666666666666664,1650941355,1650992640,51285,yes
HIGHCHI-22APR28-B51.5,HIGHCHI-22APR28,Climate and Weather,yes,22,22,0,92.0,2024,0,176,0.08695652173913043,1651189634,1651251720,62086,yes
HIGHCHI-22AUG13-B81.5,HIGHCHI-22AUG13,Climate and Weather,no,14,14,0,98.0,1372,0,28,0.02040816326530612,1660435068,1660496460,61392,no
HIGHCHI-22AUG13-T81,HIGHCHI-22AUG13,Climate and Weather,yes,30,30,0,97.0,2910,0,90,0.030927835051546393,1660434980,1660496460,61480,yes
HIGHCHI-22DEC11-B40.5,HIGHCHI-22DEC11,Climate and Weather,no,5,5,0,92.0,460,0,-460,-1.0,1670805564,1670868900,63336,yes
HIGHCHI-22DEC13-B38.5,HIGHCHI-22DEC13,Climate and Weather,no,2,2,0,90.0,180,0,-180,-1.0,1670987553,1671040920,53367,yes
HIGHCHI-22DEC28-B43.5,HIGHCHI-22DEC28,Climate and Weather,yes,361,361,0,91.0,32851,0,-32851,-1.0,1672277842,1672337820,59978,no
HIGHCHI-22DEC28-B45.5,HIGHCHI-22DEC28,Climate and Weather,yes,5,5,0,90.0,450,0,50,0.1111111111111111,1672282000,1672337820,55820,yes
HIGHCHI-22DEC31-B39.5,HIGHCHI-22DEC31,Climate and Weather,yes,31,31,0,95.0,2945,0,155,0.05263157894736842,1672531762,1672596660,64898,yes
HIGHCHI-22FEB08-T40,HIGHCHI-22FEB08,Climate and Weather,no,77,77,0,96.0,7392,0,-7392,-1.0,1644380978,1644429780,48802,yes
HIGHCHI-22FEB16-T54,HIGHCHI-22FEB16,Climate and Weather,no,7,7,0,90.0,630,0,70,0.1111111111111111,1645057382,1645122840,65458,no
HIGHCHI-22JAN03-T24,HIGHCHI-22JAN03,Climate and Weather,no,40,40,0,95.0,3800,0,200,0.05263157894736842,1641265650,1641319500,53850,no
HIGHCHI-22JUL24-B86.5,HIGHCHI-22JUL24,Climate and Weather,yes,104,104,0,98.0,10192,0,-10192,-1.0,1658701432,1658768640,67208,no
HIGHCHI-22JUN07-B73.5,HIGHCHI-22JUN07,Climate and Weather,no,5,5,0,98.0,490,0,10,0.02040816326530612,1654650023,1654707660,57637,no
HIGHCHI-22JUN17-T88,HIGHCHI-22JUN17,Climate and Weather,no,5,5,0,98.0,490,0,10,0.02040816326530612,1655524313,1655571720,47407,no
HIGHCHI-22JUN19-B87.5,HIGHCHI-22JUN19,Climate and Weather,yes,66,66,0,92.0,6072,0,528,0.08695652173913043,1655677611,1655744520,66909,yes
HIGHCHI-22JUN28-B87.5,HIGHCHI-22JUN28,Climate and Weather,yes,33,33,0,96.0,3168,0,132,0.041666666666666664,1656472009,1656522300,50291,yes
HIGHCHI-22JUN28-T87,HIGHCHI-22JUN28,Climate and Weather,no,510,510,0,98.0,49980,0,1020,0.02040816326530612,1656469110,1656522300,53190,no
HIGHCHI-22MAR15-T56,HIGHCHI-22MAR15,Climate and Weather,no,48,48,0,97.0,4656,0,144,0.030927835051546393,1647395633,1647450240,54607,no
HIGHCHI-22MAR25-T49,HIGHCHI-22MAR25,Climate and Weather,yes,477,477,0,96.0,45792,0,1908,0.041666666666666664,1648246680,1648314180,67500,yes
HIGHCHI-22MAR29-T45,HIGHCHI-22MAR29,Climate and Weather,no,18,18,0,93.0,1674,0,126,0.07526881720430108,1648608252,1648659840,51588,no
HIGHCHI-22MAY06-B52.5,HIGHCHI-22MAY06,Climate and Weather,yes,63,63,0,91.0,5733,0,-5733,-1.0,1651889148,1651942980,53832,no
HIGHCHI-22MAY06-B54.5,HIGHCHI-22MAY06,Climate and Weather,no,65,65,0,91.0,5915,0,-5915,-1.0,1651889137,1651942980,53843,yes
HIGHCHI-22MAY08-T72,HIGHCHI-22MAY08,Climate and Weather,no,3,3,0,98.0,294,0,6,0.02040816326530612,1652057479,1652115660,58181,no
HIGHCHI-22MAY16-B79.5,HIGHCHI-22MAY16,Climate and Weather,yes,28,28,0,93.0,2604,0,196,0.07526881720430108,1652739189,1652807220,68031,yes
HIGHCHI-22MAY16-T80,HIGHCHI-22MAY16,Climate and Weather,no,12,12,0,94.0,1128,0,72,0.06382978723404255,1652745348,1652807220,61872,no
HIGHCHI-22MAY25-B82.5,HIGHCHI-22MAY25,Climate and Weather,yes,16,16,0,93.0,1488,0,112,0.07526881720430108,1653520973,1653584520,63547,yes
HIGHCHI-22MAY25-T83,HIGHCHI-22MAY25,Climate and Weather,no,4,4,0,95.0,380,0,20,0.05263157894736842,1653522990,1653584520,61530,no
HIGHCHI-22MAY31-B91.5,HIGHCHI-22MAY31,Climate and Weather,no,5,5,0,91.0,455,0,45,0.0989010989010989,1654034659,1654103100,68441,no
HIGHCHI-22SEP12-B68.5,HIGHCHI-22SEP12,Climate and Weather,no,110,110,0,90.0,9900,0,-9900,-1.0,1663021386,1663089060,67674,yes
HIGHCHI-22SEP12-T69,HIGHCHI-22SEP12,Climate and Weather,no,32,32,0,97.0,3104,0,96,0.030927835051546393,1663020873,1663089060,68187,no
HIGHCHI-23APR02-B55.5,HIGHCHI-23APR02,Climate and Weather,yes,16,16,0,97.0,1552,0,48,0.030927835051546393,1680487842,1680541441,53599,yes
HIGHCHI-23APR02-B57.5,HIGHCHI-23APR02,Climate and Weather,no,100,100,0,97.0,9700,0,300,0.030927835051546393,1680487761,1680541441,53680,no
HIGHCHI-23APR24-B52.5,HIGHCHI-23APR24,Climate and Weather,no,515,515,0,97.0,49955,0,1545,0.030927835051546393,1682377294,1682442481,65187,no
HIGHCHI-23DEC06-B39.5,HIGHCHI-23DEC06,Climate and Weather,yes,5,5,0,97.0,485,0,-485,-1.0,1701924497,1701959040,34543,no
HIGHCHI-23DEC06-B41.5,HIGHCHI-23DEC06,Climate and Weather,no,5,5,0,98.0,490,0,-490,-1.0,1701918552,1701959040,40488,yes
HIGHCHI-23JAN03-T56,HIGHCHI-23JAN03,Climate and Weather,yes,24,24,0,98.0,2352,0,48,0.02040816326530612,1672800595,1672855560,54965,yes
HIGHCHI-23JAN06-B32.5,HIGHCHI-23JAN06,Climate and Weather,yes,18,18,0,98.0,1764,0,36,0.02040816326530612,1673061780,1673118180,56400,yes
HIGHCHI-23JAN16-T50,HIGHCHI-23JAN16,Climate and Weather,no,1,1,0,98.0,98,0,-98,-1.0,1673924226,1673979000,54774,yes
HIGHCHI-23JUL12-T79,HIGHCHI-23JUL12,Climate and Weather,yes,54,54,0,98.0,5292,0,108,0.02040816326530612,1689218465,1689264120,45655,yes
HIGHCHI-23JUL18-B79.5,HIGHCHI-23JUL18,Climate and Weather,no,6,6,0,91.0,546,0,54,0.0989010989010989,1689726800,1689786540,59740,no
HIGHCHI-23JUL27-T91,HIGHCHI-23JUL27,Climate and Weather,no,2,2,0,97.0,194,0,6,0.030927835051546393,1690508003,1690819380,311377,no
HIGHCHI-23JUN02-B89.5,HIGHCHI-23JUN02,Climate and Weather,no,25,25,0,97.0,2425,0,75,0.030927835051546393,1685752816,1685915641,162825,no
HIGHCHI-23MAR07-B43.5,HIGHCHI-23MAR07,Climate and Weather,yes,44,44,0,97.0,4268,0,132,0.030927835051546393,1678233684,1678298821,65137,yes
HIGHCHI-23MAR07-T44,HIGHCHI-23MAR07,Climate and Weather,no,110,110,0,97.0,10670,0,330,0.030927835051546393,1678233279,1678298821,65542,no
HIGHCHI-23MAR17-T46,HIGHCHI-23MAR17,Climate and Weather,no,95,95,0,97.0,9215,0,285,0.030927835051546393,1679108787,1679158981,50194,no
HIGHCHI-23MAY01-T48,HIGHCHI-23MAY01,Climate and Weather,yes,27,27,0,97.0,2619,0,81,0.030927835051546393,1682986102,1683057961,71859,yes
HIGHCHI-23MAY15-B68.5,HIGHCHI-23MAY15,Climate and Weather,yes,6,6,0,91.0,546,0,54,0.0989010989010989,1684199388,1684248900,49512,yes
HIGHCHI-24APR06-T52,HIGHCHI-24APR06,Climate and Weather,yes,7,7,0,97.0,679,0,21,0.030927835051546393,1712441381,1712498580,57199,yes
HIGHCHI-24APR07-T54,HIGHCHI-24APR07,Climate and Weather,no,1,1,0,91.0,91,0,9,0.0989010989010989,1712547611,1712581800,34189,no
HIGHCHI-24APR15-B73.5,HIGHCHI-24APR15,Climate and Weather,yes,1,1,0,97.0,97,0,3,0.030927835051546393,1713235526,1713272640,37114,yes
HIGHCHI-24APR22-B68.5,HIGHCHI-24APR22,Climate and Weather,yes,8,8,0,98.0,784,0,16,0.02040816326530612,1713835999,1713882060,46061,yes
HIGHCHI-24JUL02-B88.5,HIGHCHI-24JUL02,Climate and Weather,no,8,8,0,98.0,784,0,16,0.02040816326530612,1719976322,1720011720,35398,no
HIGHCHI-24JUL12-B85.5,HIGHCHI-24JUL12,Climate and Weather,yes,25,25,0,97.0,2425,0,75,0.030927835051546393,1720832467,1720875780,43313,yes
HIGHCHI-24JUL12-B87.5,HIGHCHI-24JUL12,Climate and Weather,no,9,9,0,97.0,873,0,27,0.030927835051546393,1720830674,1720875780,45106,no
HIGHCHI-24JUL15-B92.5,HIGHCHI-24JUL15,Climate and Weather,no,8,8,0,97.0,776,0,24,0.030927835051546393,1721101953,1721134920,32967,no
HIGHCHI-24JUL28-B81.5,HIGHCHI-24JUL28,Climate and Weather,no,98,98,0,97.0,9506,0,294,0.030927835051546393,1722204001,1722266760,62759,no
HIGHCHI-24JUN24-B84.5,HIGHCHI-24JUN24,Climate and Weather,no,75,75,0,97.0,7275,0,225,0.030927835051546393,1719267873,1719320880,53007,no
HIGHCHI-24MAR26-T59,HIGHCHI-24MAR26,Climate and Weather,no,7,7,0,97.0,679,0,21,0.030927835051546393,1711492402,1711545660,53258,no
HIGHMIA-23DEC17-B79.5,HIGHMIA-23DEC17,Climate and Weather,yes,6,6,0,97.0,582,0,18,0.030927835051546393,1702867732,1702919580,51848,yes
HIGHMIA-23JUL31-T94,HIGHMIA-23JUL31,Climate and Weather,no,9,9,0,97.0,873,0,27,0.030927835051546393,1690843970,1690900620,56650,no
HIGHMIA-23MAY19-B88.5,HIGHMIA-23MAY19,Climate and Weather,no,55,55,0,98.0,5390,0,110,0.02040816326530612,1684549531,1684602721,53190,no
HIGHMIA-23MAY19-T89,HIGHMIA-23MAY19,Climate and Weather,yes,32,32,0,98.0,3136,0,64,0.02040816326530612,1684549578,1684602721,53143,yes
HIGHMIA-23MAY29-T90,HIGHMIA-23MAY29,Climate and Weather,yes,72,72,0,97.0,6984,0,216,0.030927835051546393,1685410069,1685465940,55871,yes
HIGHMIA-24APR04-T81,HIGHMIA-24APR04,Climate and Weather,no,49,49,0,97.0,4753,0,147,0.030927835051546393,1712269187,1712322120,52933,no
HIGHMIA-24JUL01-B88.5,HIGHMIA-24JUL01,Climate and Weather,yes,2,2,0,97.0,194,0,6,0.030927835051546393,1719871420,1719925560,54140,yes
HIGHMIA-24JUL04-B92.5,HIGHMIA-24JUL04,Climate and Weather,yes,2,2,0,98.0,196,0,4,0.02040816326530612,1720133421,1720185240,51819,yes
HIGHMIA-24JUL04-T93,HIGHMIA-24JUL04,Climate and Weather,no,12,12,0,98.0,1176,0,24,0.02040816326530612,1720137741,1720185240,47499,no
HIGHMIA-24JUL10-B93.5,HIGHMIA-24JUL10,Climate and Weather,no,2,2,0,98.0,196,0,4,0.02040816326530612,1720656382,1720702860,46478,no
HIGHMIA-24JUL14-B92.5,HIGHMIA-24JUL14,Climate and Weather,yes,1,1,0,97.0,97,0,3,0.030927835051546393,1721015353,1721049300,33947,yes
HIGHMIA-24JUL30-B90.5,HIGHMIA-24JUL30,Climate and Weather,no,12,12,0,97.0,1164,0,36,0.030927835051546393,1722383631,1722436860,53229,no
HIGHMIA-24JUL31-T93,HIGHMIA-24JUL31,Climate and Weather,no,11,11,0,98.0,1078,0,22,0.02040816326530612,1722471440,1722517800,46360,no
HIGHMIA-24JUN26-B91.5,HIGHMIA-24JUN26,Climate and Weather,yes,44,44,0,98.0,4312,0,88,0.02040816326530612,1719447153,1719494880,47727,yes
HIGHMIA-24MAR19-T79,HIGHMIA-24MAR19,Climate and Weather,no,26,26,0,97.0,2522,0,78,0.030927835051546393,1710895887,1710939660,43773,no
HIGHMIA-24MAR22-B77.5,HIGHMIA-24MAR22,Climate and Weather,no,60,60,0,97.0,5820,0,180,0.030927835051546393,1711163863,1711199160,35297,no
HIGHMIA-24MAY28-B93.5,HIGHMIA-24MAY28,Climate and Weather,no,5,5,0,98.0,490,0,10,0.02040816326530612,1716942090,1716988020,45930,no
HIGHNY-21AUG15-T83,HIGHNY-21AUG15,Climate and Weather,no,91,91,0,97.0,8827,0,273,0.030927835051546393,1629072783,1629224640,151857,no
HIGHNY-21AUG23-T83,HIGHNY-21AUG23,Climate and Weather,no,32,32,0,92.0,2944,0,256,0.08695652173913043,1629762914,1629903660,140746,no
HIGHNY-21AUG26-T92,HIGHNY-21AUG26,Climate and Weather,no,42,42,0,98.0,4116,0,84,0.02040816326530612,1630019424,1630163040,143616,no
HIGHNY-21DEC03-T49,HIGHNY-21DEC03,Climate and Weather,no,4,4,0,97.0,388,0,12,0.030927835051546393,1638576679,1638680400,103721,no
HIGHNY-21DEC09-T39,HIGHNY-21DEC09,Climate and Weather,no,111,111,0,91.0,10101,0,999,0.0989010989010989,1639103848,1639198800,94952,no
HIGHNY-21DEC11-T66,HIGHNY-21DEC11,Climate and Weather,no,7,7,0,93.0,651,0,49,0.07526881720430108,1639275837,1639371604,95767,no
HIGHNY-21DEC20-T38,HIGHNY-21DEC20,Climate and Weather,no,12,12,0,95.0,1140,0,60,0.05263157894736842,1640052324,1640149200,96876,no
HIGHNY-21NOV17-T56,HIGHNY-21NOV17,Climate and Weather,no,47,47,0,90.0,4230,0,-4230,-1.0,1637200032,1637298000,97968,yes
HIGHNY-21OCT28-T57,HIGHNY-21OCT28,Climate and Weather,no,8,8,0,96.0,768,0,32,0.041666666666666664,1635459892,1635606000,146108,no
HIGHNY-21SEP05-T75,HIGHNY-21SEP05,Climate and Weather,no,25,25,0,97.0,2425,0,75,0.030927835051546393,1630883155,1631026860,143705,no
HIGHNY-22APR03-T50,HIGHNY-22APR03,Climate and Weather,no,5,5,0,97.0,485,0,15,0.030927835051546393,1649037250,1649092080,54830,no
HIGHNY-22DEC02-B46.5,HIGHNY-22DEC02,Climate and Weather,no,21,21,0,95.0,1995,0,-1995,-1.0,1670029936,1670090820,60884,yes
HIGHNY-22DEC02-T46,HIGHNY-22DEC02,Climate and Weather,yes,4,4,0,95.0,380,0,-380,-1.0,1670039818,1670090820,51002,no
HIGHNY-22DEC02-T49,HIGHNY-22DEC02,Climate and Weather,no,164,164,0,98.0,16072,0,328,0.02040816326530612,1670041129,1670090820,49691,no
HIGHNY-22DEC31-B54.5,HIGHNY-22DEC31,Climate and Weather,yes,8,8,0,96.0,768,0,32,0.041666666666666664,1672541203,1672596720,55517,yes
HIGHNY-22DEC31-B56.5,HIGHNY-22DEC31,Climate and Weather,no,16,16,0,95.0,1520,0,80,0.05263157894736842,1672541303,1672596720,55417,no
HIGHNY-22FEB24-T36,HIGHNY-22FEB24,Climate and Weather,no,4,4,0,93.0,372,0,28,0.07526881720430108,1645751096,1645812120,61024,no
HIGHNY-22FEB24-T38,HIGHNY-22FEB24,Climate and Weather,no,1,1,0,97.0,97,0,3,0.030927835051546393,1645747365,1645812120,64755,no
HIGHNY-22JAN28-T36,HIGHNY-22JAN28,Climate and Weather,no,21,21,0,97.0,2037,0,63,0.030927835051546393,1643425841,1643479380,53539,no
HIGHNY-22JUL18-T82,HIGHNY-22JUL18,Climate and Weather,yes,16,16,0,98.0,1568,0,32,0.02040816326530612,1658183909,1658250720,66811,yes
HIGHNY-22JUN08-B83.5,HIGHNY-22JUN08,Climate and Weather,no,27,27,0,96.0,2592,0,108,0.041666666666666664,1654732361,1654794151,61790,no
HIGHNY-22MAR01-T47,HIGHNY-22MAR01,Climate and Weather,no,58,58,0,95.0,5510,0,-5510,-1.0,1646186511,1646244180,57669,yes
HIGHNY-22MAY10-T73,HIGHNY-22MAY10,Climate and Weather,no,14,14,0,98.0,1372,0,28,0.02040816326530612,1652223492,1652288640,65148,no
HIGHNY-22NOV21-B42.5,HIGHNY-22NOV21,Climate and Weather,no,6,6,0,90.0,540,0,60,0.1111111111111111,1669075124,1669140060,64936,no
HIGHNY-22NOV27-T60,HIGHNY-22NOV27,Climate and Weather,no,65,65,0,97.0,6305,0,195,0.030927835051546393,1669599028,1669658460,59432,no
HIGHNY-23APR03-B60.5,HIGHNY-23APR03,Climate and Weather,no,27,27,0,97.0,2619,0,81,0.030927835051546393,1680559961,1680628381,68420,no
HIGHNY-23APR30-B61.5,HIGHNY-23APR30,Climate and Weather,no,2,2,0,97.0,194,0,6,0.030927835051546393,1682897420,1682962981,65561,no
HIGHNY-23JUL30-T80,HIGHNY-23JUL30,Climate and Weather,no,99,99,0,97.0,9603,0,297,0.030927835051546393,1690775398,1690819380,43982,no
HIGHNY-23JUN27-B75.5,HIGHNY-23JUN27,Climate and Weather,no,111,111,0,98.0,10878,0,222,0.02040816326530612,1687903640,1687968060,64420,no
HIGHNY-23MAR06-B51.5,HIGHNY-23MAR06,Climate and Weather,yes,7,7,0,97.0,679,0,21,0.030927835051546393,1678146404,1678213440,67036,yes
HIGHNY-23MAR15-B43.5,HIGHNY-23MAR15,Climate and Weather,no,58,58,0,97.0,5626,0,174,0.030927835051546393,1678921765,1678988940,67175,no
HIGHNY-23MAR15-B45.5,HIGHNY-23MAR15,Climate and Weather,yes,2,2,0,97.0,194,0,6,0.030927835051546393,1678920225,1678988940,68715,yes
HIGHNY-23MAR17-T60,HIGHNY-23MAR17,Climate and Weather,no,19,19,0,95.0,1805,0,95,0.05263157894736842,1679091425,1679158981,67556,no
HIGHNY-23MAR20-B50.5,HIGHNY-23MAR20,Climate and Weather,yes,15,15,0,93.0,1395,0,105,0.07526881720430108,1679361454,1679418240,56786,yes
HIGHNY-23MAR25-B50.5,HIGHNY-23MAR25,Climate and Weather,no,7,7,0,94.0,658,0,42,0.06382978723404255,1679789840,1679850060,60220,no
HIGHNY-23MAR31-B56.5,HIGHNY-23MAR31,Climate and Weather,no,127,127,0,98.0,12446,0,-12446,-1.0,1680313158,1680368521,55363,yes
HIGHNY-23SEP20-B72.5,HIGHNY-23SEP20,Climate and Weather,no,50,50,0,97.0,4850,0,150,0.030927835051546393,1695250856,1695305820,54964,no
HIGHNY-24APR02-B51.5,HIGHNY-24APR02,Climate and Weather,yes,5,5,0,98.0,490,0,10,0.02040816326530612,1712115083,1712151120,36037,yes
HIGHNY-24APR02-T52,HIGHNY-24APR02,Climate and Weather,no,9,9,0,97.0,873,0,27,0.030927835051546393,1712101732,1712151120,49388,no
HIGHNY-24JAN20-B26.5,HIGHNY-24JAN20,Climate and Weather,yes,1,1,0,97.0,97,0,3,0.030927835051546393,1705795458,1705932840,137382,yes
HIGHNY-24JAN23-B38.5,HIGHNY-24JAN23,Climate and Weather,no,87,87,0,98.0,8526,0,174,0.02040816326530612,1706062585,1706106600,44015,no
HIGHNY-24JUL01-B80.5,HIGHNY-24JUL01,Climate and Weather,yes,27,27,0,98.0,2646,0,54,0.02040816326530612,1719886325,1719925560,39235,yes
HIGHNY-24JUL01-B82.5,HIGHNY-24JUL01,Climate and Weather,no,27,27,0,98.0,2646,0,54,0.02040816326530612,1719882705,1719925560,42855,no
HIGHNY-24JUL03-B84.5,HIGHNY-24JUL03,Climate and Weather,no,22,22,0,98.0,2156,0,44,0.02040816326530612,1720061803,1720098600,36797,no
HIGHNY-24JUL05-B89.5,HIGHNY-24JUL05,Climate and Weather,yes,18,18,0,97.0,1746,0,54,0.030927835051546393,1720219033,1720273620,54587,yes
HIGHNY-24JUL12-B83.5,HIGHNY-24JUL12,Climate and Weather,yes,11,11,0,97.0,1067,0,33,0.030927835051546393,1720832032,1720875780,43748,yes
HIGHNY-24JUL21-B88.5,HIGHNY-24JUL21,Climate and Weather,yes,17,17,0,97.0,1649,0,51,0.030927835051546393,1721602171,1721658840,56669,yes
HIGHNY-24JUL26-B83.5,HIGHNY-24JUL26,Climate and Weather,yes,50,50,0,98.0,4900,0,100,0.02040816326530612,1722044848,1722095400,50552,yes
HIGHNY-24JUL26-B85.5,HIGHNY-24JUL26,Climate and Weather,no,65,65,0,98.0,6370,0,130,0.02040816326530612,1722048110,1722095400,47290,no
HIGHNY-24JUL30-B87.5,HIGHNY-24JUL30,Climate and Weather,yes,3,3,0,97.0,291,0,9,0.030927835051546393,1722384600,1722436860,52260,yes
HIGHNY-24JUN04-B80.5,HIGHNY-24JUN04,Climate and Weather,no,4,4,0,97.0,388,0,12,0.030927835051546393,1717541431,1717592640,51209,no
HIGHNY-24JUN05-B78.5,HIGHNY-24JUN05,Climate and Weather,yes,1,1,0,98.0,98,0,2,0.02040816326530612,1717628698,1717679100,50402,yes
HIGHNY-24JUN08-T76,HIGHNY-24JUN08,Climate and Weather,no,81,81,0,97.0,7857,0,243,0.030927835051546393,1717891555,1717939980,48425,no
HIGHNY-24JUN11-B76.5,HIGHNY-24JUN11,Climate and Weather,no,1,1,0,98.0,98,0,2,0.02040816326530612,1718152004,1718197320,45316,no
HIGHNY-24JUN12-T76,HIGHNY-24JUN12,Climate and Weather,no,50,50,0,98.0,4900,0,100,0.02040816326530612,1718233230,1718283720,50490,no
HIGHNY-24JUN14-B86.5,HIGHNY-24JUN14,Climate and Weather,no,2,2,0,98.0,196,0,4,0.02040816326530612,1718416207,1718457300,41093,no
HIGHNY-24JUN15-B82.5,HIGHNY-24JUN15,Climate and Weather,no,5,5,0,97.0,485,0,15,0.030927835051546393,1718496978,1718542920,45942,no
HIGHNY-24JUN16-T80,HIGHNY-24JUN16,Climate and Weather,no,52,52,0,97.0,5044,0,156,0.030927835051546393,1718594261,1718629560,35299,no
HIGHNY-24JUN17-B84.5,HIGHNY-24JUN17,Climate and Weather,no,2,2,0,98.0,196,0,4,0.02040816326530612,1718681683,1718715720,34037,no
HIGHNY-24JUN17-B86.5,HIGHNY-24JUN17,Climate and Weather,no,2,2,0,98.0,196,0,4,0.02040816326530612,1718669743,1718715720,45977,no
HIGHNY-24JUN18-B86.5,HIGHNY-24JUN18,Climate and Weather,yes,88,88,0,98.0,8624,0,176,0.02040816326530612,1718754421,1718802240,47819,yes
HIGHNY-24JUN18-B90.5,HIGHNY-24JUN18,Climate and Weather,no,169,169,0,98.0,16562,0,338,0.02040816326530612,1718754635,1718802240,47605,no
HIGHNY-24JUN20-B93.5,HIGHNY-24JUN20,Climate and Weather,no,23,23,0,98.0,2254,0,46,0.02040816326530612,1718933791,1718974920,41129,no
HIGHNY-24JUN29-B80.5,HIGHNY-24JUN29,Climate and Weather,no,2,2,0,98.0,196,0,4,0.02040816326530612,1719709339,1719752640,43301,no
HIGHNY-24MAR04-B58.5,HIGHNY-24MAR04,Climate and Weather,yes,8,8,0,98.0,784,0,16,0.02040816326530612,1709613569,1709647620,34051,yes
HIGHNY-24MAR11-T53,HIGHNY-24MAR11,Climate and Weather,no,41,41,0,97.0,3977,0,123,0.030927835051546393,1710205924,1710248460,42536,no
HIGHNY-24MAR22-B47.5,HIGHNY-24MAR22,Climate and Weather,no,4,4,0,97.0,388,0,12,0.030927835051546393,1711156255,1711199160,42905,no
HIGHNY-24MAR24-B49.5,HIGHNY-24MAR24,Climate and Weather,no,3,3,0,97.0,291,0,9,0.030927835051546393,1711331567,1711371660,40093,no
HIGHNY-24MAR27-T52,HIGHNY-24MAR27,Climate and Weather,no,39,39,0,97.0,3783,0,117,0.030927835051546393,1711589413,1711631040,41627,no
HIGHNY-24MAR29-B57.5,HIGHNY-24MAR29,Climate and Weather,no,78,78,0,97.0,7566,0,234,0.030927835051546393,1711767620,1711805220,37600,no
HIGHNY-24MAR31-B63.5,HIGHNY-24MAR31,Climate and Weather,no,4,4,0,98.0,392,0,8,0.02040816326530612,1711938879,1711976580,37701,no
HIGHNY-24MAY10-B57.5,HIGHNY-24MAY10,Climate and Weather,no,22,22,0,98.0,2156,0,44,0.02040816326530612,1715394754,1715433600,38846,no
HIGHNY-24MAY14-B73.5,HIGHNY-24MAY14,Climate and Weather,no,4,4,0,97.0,388,0,12,0.030927835051546393,1715725759,1715778120,52361,no
HIGHNY-24MAY15-B65.5,HIGHNY-24MAY15,Climate and Weather,no,8,8,0,97.0,776,0,24,0.030927835051546393,1715826804,1715864460,37656,no
HIGHNY0-21AUG02-T80,HIGHNY0-21AUG02,World,no,45,45,0,97.0,4365,0,135,0.030927835051546393,1627936500,1628049660,113160,no
HIGHNY0-21AUG03-T78,HIGHNY0-21AUG03,World,no,93,93,0,90.0,8370,0,-8370,-1.0,1628013974,1628136060,122086,yes
HIGHNY0-21JUL17-T90,HIGHNY0-21JUL1,World,yes,179,179,0,94.0,16826,0,1074,0.06382978723404255,1626548574,1626667260,118686,yes
HIGHNY0-21JUL31-T76,HIGHNY0-21JUL31,World,no,101,101,0,98.0,9898,0,202,0.02040816326530612,1627775728,1627876860,101132,no
OIL-22JUL11-N100,OIL-22JUL11,Economics,no,252,252,0,95.0,23940,0,1260,0.05263157894736842,1657745532,1657818180,72648,no
RAINNY-21SEP01-T0,RAINNY-21SEP01,World,yes,12,12,0,98.0,1176,0,24,0.02040816326530612,1630545344,1630681260,135916,yes
