ticker,event_ticker,category,side,contracts,maker_contracts,taker_contracts,avg_entry_price_cents,basis_cents,fees_cents,net_pnl_cents,return,entry_ts,exit_ts,holding_s,result,settle_ts,flb_train_ticker,subwindow
FEDDECISION-24SEP-H0,FEDDECISION-24SEP,Economics,no,487,487,0,98.0,47726,17,957,0.02005196329044965,1726669412,1726690920,21508,no,1726690920,False,CLEAN
KXAAAGASW-24NOV04-US-3.130,KXAAAGASW-24NOV04-US,Economics,no,223,223,0,91.0,20293,0,2007,0.0989010989010989,1730685685,1730742911,57226,no,1730742911,False,CLEAN
KXAAAGASW-24NOV18-US-3.083,KXAAAGASW-24NOV18-US,Economics,no,510,510,0,98.0,49980,0,1020,0.02040816326530612,1731892774,1731946981,54207,no,1731946981,False,CLEAN
KXAAAGASW-24NOV25-US-3.071,KXAAAGASW-24NOV25-US,Economics,no,81,81,0,97.0,7857,0,243,0.030927835051546393,1732493502,1732550939,57437,no,1732550939,False,CLEAN
KXTSAW-24DEC01-A2.50,KXTSAW-24DEC01,Economics,yes,531,531,0,94.0,49914,0,3186,0.06382978723404255,1733100392,1733151723,51331,yes,1733151723,False,CLEAN
KXAAAGASW-24DEC02-US-3.056,KXAAAGASW-24DEC02-US,Economics,no,510,510,0,98.0,49980,0,1020,0.02040816326530612,1733110015,1733152374,42359,no,1733152374,False,CLEAN
KXTSAW-24DEC15-A2.35,KXTSAW-24DEC15,Economics,yes,6,6,0,92.0,552,0,48,0.08695652173913043,1734325101,1734361335,36234,yes,1734361335,False,CLEAN
KXAAAGASW-24DEC23-US-3.024,KXAAAGASW-24DEC23-US,Economics,yes,24,24,0,97.0,2328,0,72,0.030927835051546393,1734912727,1734967430,54703,yes,1734967430,False,CLEAN
KXTSAW-24DEC22-A2.60,KXTSAW-24DEC22,Economics,no,41,41,0,97.0,3977,0,123,0.030927835051546393,1734919200,1734966126,46926,no,1734966126,False,CLEAN
KXTSAW-24DEC29-A2.50,KXTSAW-24DEC29,Economics,yes,1,1,0,98.0,98,0,2,0.02040816326530612,1735531729,1735570952,39223,yes,1735570952,False,CLEAN
KXTSAW-25JAN12-A2.15,KXTSAW-25JAN12,Economics,no,41,41,0,96.0,3936,0,164,0.041666666666666664,1736737160,1736780507,43347,no,1736780507,False,CLEAN
KXFEDDECISION-25JAN-C25,KXFEDDECISION-25JAN,Economics,no,505,505,0,98.0,49490,18,992,0.02004445342493433,1738166098,1738181587,15489,no,1738181587,False,CLEAN
KXTSAW-25FEB02-A1.95,KXTSAW-25FEB02,Economics,yes,26,26,0,91.0,2366,0,234,0.0989010989010989,1738555200,1738625460,70260,yes,1738625460,False,CLEAN
KXTSAW-25MAR09-A2.35,KXTSAW-25MAR09,Economics,yes,91,91,0,96.0,8736,0,364,0.041666666666666664,1741568400,1741615293,46893,yes,1741615293,False,CLEAN
KXAAAGASM-25APR30-3.20,KXAAAGASM-25APR30,Economics,no,142,142,0,97.0,13774,8,418,0.030347030637432843,1745975250,1746019920,44670,no,1746019920,False,CLEAN
KXAAAGASM-25APR30-3.15,KXAAAGASM-25APR30,Economics,yes,152,152,0,95.0,14440,13,747,0.05173130193905817,1745977586,1746019920,42334,yes,1746019920,False,CLEAN
KXFEDDECISION-25MAY-C25,KXFEDDECISION-25MAY,Economics,no,213,213,0,96.0,20448,15,837,0.0409330985915493,1746624132,1746641513,17381,no,1746641513,False,CLEAN
FED-25MAY-T4.25,FED-25MAY,Economics,yes,332,332,0,97.0,32204,17,979,0.03039995031673084,1746624305,1746641513,17208,yes,1746641513,False,CLEAN
KXFEDDECISION-25MAY-H0,KXFEDDECISION-25MAY,Economics,yes,213,213,0,96.0,20448,15,837,0.0409330985915493,1746624666,1746641513,16847,yes,1746641513,False,CLEAN
FED-25MAY-T4.50,FED-25MAY,Economics,no,270,270,0,98.0,26460,10,530,0.0200302343159486,1746639509,1746641513,2004,no,1746641513,False,CLEAN
KXCPIYOY-25APR-T2.8,KXCPIYOY-25APR,Economics,no,62,62,0,98.0,6076,3,121,0.01991441737985517,1747137685,1747141085,3400,no,1747141085,False,CLEAN
KXEGGS-APR-0,KXEGGS-APR,Economics,no,23,23,0,95.0,2185,2,113,0.0517162471395881,1747138100,1747146492,8392,no,1747146492,False,CLEAN
KXCPIYOY-25APR-T2.7,KXCPIYOY-25APR,Economics,no,125,125,0,97.0,12125,7,368,0.030350515463917527,1747138780,1747141085,2305,no,1747141085,False,CLEAN
KXAAAGASM-25MAY31-3.15,KXAAAGASM-25MAY31,Economics,yes,75,75,0,92.0,6900,10,-6910,-1.0014492753623188,1748657586,1748705567,47981,no,1748705567,False,CLEAN
KXPAYROLLS-25MAY-T200000,KXPAYROLLS-25MAY,Economics,no,62,62,0,91.0,5642,9,549,0.09730591988656505,1749212190,1749217696,5506,no,1749217696,False,CLEAN
KXCPI-25MAY-T0.0,KXCPI-25MAY,Economics,yes,4,4,0,91.0,364,1,35,0.09615384615384616,1749643256,1749650536,7280,yes,1749650536,False,CLEAN
KXFEDDECISION-25JUN-C25,KXFEDDECISION-25JUN,Economics,no,332,332,0,97.0,32204,17,979,0.03039995031673084,1750253119,1750273615,20496,no,1750273615,False,CLEAN
KXFEDDECISION-25JUN-H0,KXFEDDECISION-25JUN,Economics,yes,332,332,0,97.0,32204,17,979,0.03039995031673084,1750253583,1750273615,20032,yes,1750273615,False,CLEAN
FED-25JUN-T4.25,FED-25JUN,Economics,yes,505,505,0,98.0,49490,18,992,0.02004445342493433,1750257332,1750269982,12650,yes,1750269982,False,CLEAN
KXAAAGASM-25JUN30-3.25,KXAAAGASM-25JUN30,Economics,no,165,165,0,98.0,16170,6,324,0.020037105751391466,1751240224,1751290494,50270,no,1751290494,False,CLEAN
KXAAAGASM-25JUN30-3.15,KXAAAGASM-25JUN30,Economics,yes,237,237,0,98.0,23226,9,465,0.02002066649444588,1751240621,1751290494,49873,yes,1751290494,False,CLEAN
KXAAAGASM-25JUN30-3.20,KXAAAGASM-25JUN30,Economics,no,505,505,0,98.0,49490,18,992,0.02004445342493433,1751255134,1751290494,35360,no,1751290494,False,CLEAN
KXCPIYOY-25JUN-T2.4,KXCPIYOY-25JUN,Economics,yes,152,152,0,95.0,14440,13,747,0.05173130193905817,1752581070,1752587981,6911,yes,1752587981,False,CLEAN
KXCPIYOY-25JUN-T2.7,KXCPIYOY-25JUN,Economics,no,62,62,0,91.0,5642,9,549,0.09730591988656505,1752581915,1752587992,6077,no,1752587992,False,CLEAN
KXGDP-25JUL30-T3.5,KXGDP-25JUL30,Economics,no,51,51,0,90.0,4590,9,501,0.10915032679738562,1753877053,1753882362,5309,no,1753882362,False,CLEAN
KXFEDDECISION-25JUL-H0,KXFEDDECISION-25JUL,Economics,yes,332,332,0,97.0,32204,17,979,0.03039995031673084,1753881675,1753902427,20752,yes,1753902427,False,CLEAN
KXFEDDECISION-25JUL-C25,KXFEDDECISION-25JUL,Economics,no,332,332,0,97.0,32204,17,979,0.03039995031673084,1753881871,1753902427,20556,no,1753902427,False,CLEAN
FED-25JUL-T4.25,FED-25JUL,Economics,yes,332,332,0,97.0,32204,17,979,0.03039995031673084,1753883739,1753898788,15049,yes,1753898788,False,CLEAN
KXPAYROLLS-25JUL-T200000,KXPAYROLLS-25JUL,Economics,no,50,50,0,96.0,4800,4,196,0.04083333333333333,1754051098,1754052917,1819,no,1754052917,False,CLEAN
KXAAAGASW-25AUG04-3.143,KXAAAGASW-25AUG04,Economics,yes,12,12,0,95.0,1140,0,60,0.05263157894736842,1754276400,1754320272,43872,yes,1754320272,False,CLEAN
KXCPIYOY-25JUL-T3.0,KXCPIYOY-25JUL,Economics,no,10,10,0,96.0,960,1,39,0.040625,1754996923,1755004145,7222,no,1755004145,False,CLEAN
KXCPIYOY-25JUL-T2.5,KXCPIYOY-25JUL,Economics,yes,44,44,0,97.0,4268,3,129,0.030224929709465793,1754999805,1755004145,4340,yes,1755004145,False,CLEAN
KXCPI-25JUL-T0.4,KXCPI-25JUL,Economics,no,7,7,0,97.0,679,1,20,0.029455081001472753,1755000312,1755004189,3877,no,1755004189,False,CLEAN
KXCPI-25JUL-T0.1,KXCPI-25JUL,Economics,yes,1,1,0,91.0,91,1,8,0.08791208791208792,1755000347,1755004189,3842,yes,1755004189,False,CLEAN
KXAAAGASM-25AUG31-3.20,KXAAAGASM-25AUG31,Economics,no,43,43,0,97.0,4171,3,126,0.030208583073603454,1756592927,1756649550,56623,no,1756649550,False,CLEAN
KXTSAW-25AUG31-A2.40,KXTSAW-25AUG31,Economics,yes,3,3,0,95.0,285,0,15,0.05263157894736842,1756688400,1756863139,174739,yes,1756863139,False,CLEAN
KXPAYROLLS-25AUG-T150000,KXPAYROLLS-25AUG,Economics,no,75,75,0,94.0,7050,8,442,0.0626950354609929,1757073715,1757080203,6488,no,1757080203,False,CLEAN
KXPAYROLLS-25AUG-T200000,KXPAYROLLS-25AUG,Economics,no,3,3,0,97.0,291,1,8,0.027491408934707903,1757074063,1757080203,6140,no,1757080203,False,CLEAN
KXPAYROLLS-25AUG-T0,KXPAYROLLS-25AUG,Economics,yes,213,213,0,96.0,20448,15,837,0.0409330985915493,1757075052,1757080203,5151,yes,1757080203,False,CLEAN
KXCPIYOY-25AUG-T2.7,KXCPIYOY-25AUG,Economics,yes,75,75,0,92.0,6900,10,590,0.08550724637681159,1757585645,1757598229,12584,yes,1757598229,False,CLEAN
KXCPIYOY-25AUG-T2.6,KXCPIYOY-25AUG,Economics,yes,181,181,0,97.0,17557,10,533,0.030358261662015152,1757587243,1757598229,10986,yes,1757598229,False,CLEAN
KXFEDDECISION-25SEP-C26,KXFEDDECISION-25SEP,Economics,no,75,75,0,92.0,6900,10,590,0.08550724637681159,1758110415,1758135702,25287,no,1758135702,False,CLEAN
KXFEDDECISION-25SEP-H0,KXFEDDECISION-25SEP,Economics,no,332,332,0,97.0,32204,17,979,0.03039995031673084,1758110540,1758135702,25162,no,1758135702,False,CLEAN
KXFEDDECISION-25SEP-C25,KXFEDDECISION-25SEP,Economics,yes,62,62,0,91.0,5642,9,549,0.09730591988656505,1758111449,1758135702,24253,yes,1758135702,False,CLEAN
FED-25SEP-T4.00,FED-25SEP,Economics,yes,19,19,0,93.0,1767,3,130,0.07357102433503113,1758113802,1758132373,18571,yes,1758132373,False,CLEAN
FED-25SEP-T4.25,FED-25SEP,Economics,no,332,332,0,97.0,32204,17,979,0.03039995031673084,1758116699,1758132383,15684,no,1758132383,False,CLEAN
KXAAAGASM-25SEP30-3.15,KXAAAGASM-25SEP30,Economics,no,51,51,0,90.0,4590,9,501,0.10915032679738562,1759185930,1759240261,54331,no,1759240261,False,CLEAN
KXPAYROLLS-25SEP-T-100000,KXPAYROLLS-25SEP,Economics,yes,160,160,0,97.0,15520,9,471,0.030347938144329897,1759494404,1763650091,4155687,yes,1763650091,False,CLEAN
KXAAAGASW-25OCT06-3.135,KXAAAGASW-25OCT06,Economics,no,4,4,0,91.0,364,0,36,0.0989010989010989,1759701863,1759757879,56016,no,1759757879,False,CLEAN
FED-25OCT-T3.75,FED-25OCT,Economics,yes,7,7,0,98.0,686,1,13,0.018950437317784258,1761740254,1761761597,21343,yes,1761761597,False,CLEAN
KXFEDDECISION-25OCT-C25,KXFEDDECISION-25OCT,Economics,yes,505,505,0,98.0,49490,18,992,0.02004445342493433,1761741094,1761761621,20527,yes,1761761621,False,CLEAN
FED-25OCT-T4.00,FED-25OCT,Economics,no,505,505,0,98.0,49490,18,992,0.02004445342493433,1761742840,1761761603,18763,no,1761761603,False,CLEAN
KXAAAGASM-25OCT31-3.05,KXAAAGASM-25OCT31,Economics,no,173,173,0,97.0,16781,9,510,0.030391514212502236,1761866607,1761915851,49244,no,1761915851,False,CLEAN
KXFEDCOMBO-25DEC-0-T0,KXFEDCOMBO-25DEC,Economics,no,28,28,0,96.0,2688,0,112,0.041666666666666664,1765372523,1765395408,22885,no,1765395408,False,CLEAN
KXFEDDECISION-25DEC-H0,KXFEDDECISION-25DEC,Economics,no,213,213,0,96.0,20448,15,837,0.0409330985915493,1765373824,1765393731,19907,no,1765393731,False,CLEAN
KXFEDDECISION-25DEC-C25,KXFEDDECISION-25DEC,Economics,yes,213,213,0,96.0,20448,15,837,0.0409330985915493,1765374107,1765393731,19624,yes,1765393731,False,CLEAN
KXFEDCOMBO-25DEC-25C-0,KXFEDCOMBO-25DEC,Economics,no,526,526,0,95.0,49970,0,2630,0.05263157894736842,1765374687,1765395417,20730,no,1765395417,False,CLEAN
FED-25DEC-T3.75,FED-25DEC,Economics,no,47,47,0,96.0,4512,4,184,0.040780141843971635,1765379838,1765393566,13728,no,1765393566,False,CLEAN
KXFEDCOMBO-25DEC-25C-T0,KXFEDCOMBO-25DEC,Economics,yes,498,498,0,95.0,47310,0,2490,0.05263157894736842,1765381022,1765395433,14411,yes,1765395433,False,CLEAN
KXEMPLOYMENTCOMBO-25NOV-4.6-50K,KXEMPLOYMENTCOMBO-25NOV,Economics,no,38,38,0,94.0,3572,0,228,0.06382978723404255,1765886253,1765901892,15639,no,1765901892,False,CLEAN
KXU3-25NOV-T4.3,KXU3-25NOV,Economics,yes,51,51,0,90.0,4590,9,501,0.10915032679738562,1765891724,1765900332,8608,yes,1765900332,False,CLEAN
KXCPI-25NOV-T0.3,KXCPI-25NOV,Economics,no,50,50,0,96.0,4800,4,196,0.04083333333333333,1766052027,1766085801,33774,no,1766085801,False,CLEAN
KXCPI-25NOV-T0.1,KXCPI-25NOV,Economics,yes,20,20,0,96.0,1920,2,78,0.040625,1766055930,1766085801,29871,yes,1766085801,False,CLEAN
KXCPIYOY-25NOV-T2.8,KXCPIYOY-25NOV,Economics,yes,2,2,0,93.0,186,1,-187,-1.0053763440860215,1766060607,1766072041,11434,no,1766072041,False,CLEAN
KXEGGS-NOV-0,KXEGGS-NOV,Economics,no,8,8,0,92.0,736,2,62,0.08423913043478261,1766061508,1766073601,12093,no,1766073601,False,CLEAN
KXCPICOMBO-25NOV-B3.25B3.25,KXCPICOMBO-25NOV,Economics,no,70,70,0,95.0,6650,0,350,0.05263157894736842,1766066400,1766073771,7371,no,1766073771,False,CLEAN
KXCPICOMBO-25NOV-B3.45B3.45,KXCPICOMBO-25NOV,Economics,no,31,31,0,97.0,3007,0,93,0.030927835051546393,1766066400,1766073771,7371,no,1766073771,False,CLEAN
KXCPICOMBO-25NOV-B2.85B2.85,KXCPICOMBO-25NOV,Economics,no,284,284,0,97.0,27548,0,852,0.030927835051546393,1766069668,1766073751,4083,no,1766073751,False,CLEAN
KXCBDECISIONJAPAN-25DEC18-HOLD,KXCBDECISIONJAPAN-25DEC18,Economics,no,110,110,0,97.0,10670,0,330,0.030927835051546393,1766095015,1766426696,331681,no,1766426696,False,CLEAN
KXCBDECISIONJAPAN-25DEC18-H2140,KXCBDECISIONJAPAN-25DEC18,Economics,yes,3,3,0,97.0,291,0,9,0.030927835051546393,1766100291,1766426696,326405,yes,1766426696,False,CLEAN
KXCBDECISIONJAPAN-25DEC18-H40P,KXCBDECISIONJAPAN-25DEC18,Economics,no,354,354,0,95.0,33630,0,1770,0.05263157894736842,1766102400,1766426696,324296,no,1766426696,False,CLEAN
KXAAAGASW-25DEC22-2.906,KXAAAGASW-25DEC22,Economics,no,510,510,0,98.0,49980,0,1020,0.02040816326530612,1766372237,1766435906,63669,no,1766435906,False,CLEAN
KXAAAGASW-25DEC29-2.855,KXAAAGASW-25DEC29,Economics,no,510,510,0,98.0,49980,0,1020,0.02040816326530612,1766969277,1767022201,52924,no,1767022201,False,CLEAN
KXTOP3WEALTH-25DEC31-MZUC,KXTOP3WEALTH-25DEC31,Economics,no,10,10,0,96.0,960,0,40,0.041666666666666664,1767176347,1767225086,48739,no,1767225086,False,CLEAN
KXOILRIGS-25-475,KXOILRIGS-25,Economics,no,31,31,0,98.0,3038,0,62,0.02040816326530612,1767191157,1767248026,56869,no,1767248026,False,CLEAN
KXAAAGASW-26JAN05-2.825,KXAAAGASW-26JAN05,Economics,no,526,526,0,95.0,49970,0,2630,0.05263157894736842,1767574800,1767630739,55939,no,1767630739,False,CLEAN
KXU3-25DEC-T4.7,KXU3-25DEC,Economics,no,3,3,0,94.0,282,1,17,0.06028368794326241,1767963600,1767994622,31022,no,1767994622,False,CLEAN
KXDEBTGROWTH25-25DEC31-38,KXDEBTGROWTH25-25DEC31,Economics,yes,15,15,0,91.0,1365,0,135,0.0989010989010989,1768071600,1768086067,14467,yes,1768086067,False,CLEAN
KXAAAGASW-26JAN12-2.812,KXAAAGASW-26JAN12,Economics,no,515,515,0,97.0,49955,0,1545,0.030927835051546393,1768176000,1768230297,54297,no,1768230297,False,CLEAN
KXCPICOMBO-25DEC-0231,KXCPICOMBO-25DEC,Economics,no,78,78,0,91.0,7098,0,702,0.0989010989010989,1768302000,1768327188,25188,no,1768327188,False,CLEAN
KXCPI-25DEC-T0.4,KXCPI-25DEC,Economics,no,62,62,0,91.0,5642,9,549,0.09730591988656505,1768309200,1768322895,13695,no,1768322895,False,CLEAN
KXCPIYOY-25DEC-T2.5,KXCPIYOY-25DEC,Economics,yes,75,75,0,92.0,6900,10,590,0.08550724637681159,1768309200,1768322208,13008,yes,1768322208,False,CLEAN
KXCPIYOY-25DEC-T2.9,KXCPIYOY-25DEC,Economics,no,54,54,0,94.0,5076,6,318,0.06264775413711583,1768309200,1768322208,13008,no,1768322208,False,CLEAN
KXNYCRENTSY-25-T5,KXNYCRENTSY-25,Economics,yes,11,11,0,96.0,1056,0,44,0.041666666666666664,1768327200,1768339558,12358,yes,1768339558,False,CLEAN
KXAAAGASW-26JAN19-2.830,KXAAAGASW-26JAN19,Economics,no,526,526,0,95.0,49970,0,2630,0.05263157894736842,1768784400,1768847670,63270,no,1768847670,False,CLEAN
KXAAAGASW-26JAN19-2.796,KXAAAGASW-26JAN19,Economics,yes,464,464,0,93.0,43152,0,3248,0.07526881720430108,1768795200,1768842670,47470,yes,1768842670,False,CLEAN
KXAAAGASW-26JAN19-2.850,KXAAAGASW-26JAN19,Economics,no,70,70,0,97.0,6790,0,210,0.030927835051546393,1768795200,1768847670,52470,no,1768847670,False,CLEAN
KXCBDECISIONJAPAN-26JAN22-H25,KXCBDECISIONJAPAN-26JAN22,Economics,no,515,515,0,97.0,49955,0,1545,0.030927835051546393,1769122800,1769147409,24609,no,1769147409,False,CLEAN
KXCBDECISIONJAPAN-26JAN22-HOLD,KXCBDECISIONJAPAN-26JAN22,Economics,yes,319,319,0,97.0,30943,0,957,0.030927835051546393,1769126400,1769147409,21009,yes,1769147409,False,CLEAN
KXFEDCOMBO-26JAN-0-0,KXFEDCOMBO-26JAN,Economics,no,471,471,0,98.0,46158,0,942,0.02040816326530612,1769616000,1769645519,29519,no,1769645519,False,CLEAN
KXFOMCDISSENTCOUNT-26JAN-3,KXFOMCDISSENTCOUNT-26JAN,Economics,no,156,156,0,91.0,14196,0,1404,0.0989010989010989,1769619600,1769631089,11489,no,1769631089,False,CLEAN
KXFOMCDISSENTCOUNT-26JAN-0,KXFOMCDISSENTCOUNT-26JAN,Economics,no,10,10,0,98.0,980,0,20,0.02040816326530612,1769623200,1769631089,7889,no,1769631089,False,CLEAN
KXAAAGASW-26FEB02-2.881,KXAAAGASW-26FEB02,Economics,no,325,325,0,90.0,29250,0,3250,0.1111111111111111,1769994000,1770046726,52726,no,1770046726,False,CLEAN
KXAAAGASW-26FEB09-2.925,KXAAAGASW-26FEB09,Economics,no,531,531,0,94.0,49914,0,3186,0.06382978723404255,1770595200,1770650790,55590,no,1770650790,False,CLEAN
KXAAAGASW-26FEB09-2.905,KXAAAGASW-26FEB09,Economics,no,325,325,0,90.0,29250,0,3250,0.1111111111111111,1770606000,1770650770,44770,no,1770650770,False,CLEAN
KXPAYROLLS-26JAN-T-25000,KXPAYROLLS-26JAN,Economics,yes,26,26,0,93.0,2418,3,179,0.0740281224152192,1770814800,1770833380,18580,yes,1770833380,False,CLEAN
KXPAYROLLS-26JAN-T100000,KXPAYROLLS-26JAN,Economics,no,13,13,0,93.0,1209,2,-1211,-1.0016542597187759,1770814800,1770833380,18580,yes,1770833380,False,CLEAN
KXU3-26JAN-T4.6,KXU3-26JAN,Economics,no,1,1,0,96.0,96,1,3,0.03125,1770814800,1770833889,19089,no,1770833889,False,CLEAN
KXPAYROLLS-26JAN-T125000,KXPAYROLLS-26JAN,Economics,no,276,276,0,97.0,26772,15,-26787,-1.000560286866876,1770818400,1770833380,14980,yes,1770833380,False,CLEAN
KXPAYROLLS-26JAN-T90000,KXPAYROLLS-26JAN,Economics,no,51,51,0,90.0,4590,9,-4599,-1.0019607843137255,1770818400,1770833380,14980,yes,1770833380,False,CLEAN
KXU3-26JAN-T4.3,KXU3-26JAN,Economics,no,122,122,0,95.0,11590,11,599,0.05168248490077653,1770822000,1770833889,11889,no,1770833889,False,CLEAN
KXCPIYOY-26JAN-T2.6,KXCPIYOY-26JAN,Economics,no,62,62,0,91.0,5642,9,549,0.09730591988656505,1770976800,1770995060,18260,no,1770995060,False,CLEAN
KXCPIYOY-26JAN-T2.3,KXCPIYOY-26JAN,Economics,yes,75,75,0,92.0,6900,10,590,0.08550724637681159,1770980400,1770995060,14660,yes,1770995060,False,CLEAN
KXNURSESTRIKE-26-FEB15,KXNURSESTRIKE-26,Economics,no,209,209,0,97.0,20273,0,627,0.030927835051546393,1771113600,1771196320,82720,no,1771196320,False,CLEAN
KXGDP-26JAN30-T4,KXGDP-26JAN30,Economics,no,6,6,0,94.0,564,1,35,0.06205673758865248,1771578000,1771597600,19600,no,1771597600,False,CLEAN
KXGDPYEAR-25-B2.8,KXGDPYEAR-25,Economics,no,168,168,0,96.0,16128,0,672,0.041666666666666664,1771578000,1771598270,20270,no,1771598270,False,CLEAN
KXGDP-26JAN30-T2.0,KXGDP-26JAN30,Economics,yes,51,51,0,90.0,4590,9,-4599,-1.0019607843137255,1771588800,1771597600,8800,no,1771597600,False,CLEAN
KXAAAGASW-26FEB23-2.942,KXAAAGASW-26FEB23,Economics,no,277,277,0,90.0,24930,0,2770,0.1111111111111111,1771815600,1771859896,44296,no,1771859896,False,CLEAN
KXCBDECISIONCHINA-26FEB23-HOLD,KXCBDECISIONCHINA-26FEB23,Economics,yes,156,156,0,91.0,14196,0,1404,0.0989010989010989,1771880400,1771898756,18356,yes,1771898756,False,CLEAN
KXCBDECISIONCHINA-26FEB23-C10,KXCBDECISIONCHINA-26FEB23,Economics,no,191,191,0,91.0,17381,0,1719,0.0989010989010989,1771884000,1771898756,14756,no,1771898756,False,CLEAN
KXAAAGASM-26FEB28-2.985,KXAAAGASM-26FEB28,Economics,no,213,213,0,96.0,20448,15,837,0.0409330985915493,1772236800,1772292516,55716,no,1772292516,False,CLEAN
KXAAAGASM-26FEB28-2.97,KXAAAGASM-26FEB28,Economics,yes,233,233,0,98.0,22834,8,458,0.020057808531137776,1772247600,1772292516,44916,yes,1772292516,False,CLEAN
KXAAAGASW-26MAR02-2.998,KXAAAGASW-26MAR02,Economics,no,531,531,0,94.0,49914,0,3186,0.06382978723404255,1772409600,1772458006,48406,no,1772458006,False,CLEAN
KXAAAGASW-26MAR02-3.008,KXAAAGASW-26MAR02,Economics,no,1,1,0,97.0,97,0,3,0.030927835051546393,1772413200,1772458006,44806,no,1772458006,False,CLEAN
KXU3-26FEB-T4.1,KXU3-26FEB,Economics,yes,4,4,0,91.0,364,1,35,0.09615384615384616,1772791200,1772813678,22478,yes,1772813678,False,CLEAN
KXU3-26FEB-T4.4,KXU3-26FEB,Economics,no,17,17,0,92.0,1564,3,133,0.0850383631713555,1772802000,1772813678,11678,no,1772813678,False,CLEAN
KXAAAGASW-26MAR09-3.550,KXAAAGASW-26MAR09,Economics,no,520,520,0,96.0,49920,0,2080,0.041666666666666664,1773010800,1773057268,46468,no,1773057268,False,CLEAN
KXAAAGASW-26MAR09-3.460,KXAAAGASW-26MAR09,Economics,yes,1,1,0,92.0,92,0,8,0.08695652173913043,1773014400,1773057268,42868,yes,1773057268,False,CLEAN
KXAAAGASW-26MAR09-3.580,KXAAAGASW-26MAR09,Economics,no,510,510,0,98.0,49980,0,1020,0.02040816326530612,1773018000,1773057268,39268,no,1773057268,False,CLEAN
KXCPIYOY-26FEB-T2.5,KXCPIYOY-26FEB,Economics,no,62,62,0,91.0,5642,9,549,0.09730591988656505,1773219600,1773236266,16666,no,1773236266,False,CLEAN
KXCPI-26FEB-T0.1,KXCPI-26FEB,Economics,yes,45,45,0,94.0,4230,5,265,0.06264775413711583,1773226800,1773236246,9446,yes,1773236246,False,CLEAN
KXCPIYOY-26FEB-T2.6,KXCPIYOY-26FEB,Economics,no,100,100,0,94.0,9400,10,590,0.0627659574468085,1773226800,1773236266,9466,no,1773236266,False,CLEAN
KXPCECORE-26JAN-T0.3,KXPCECORE-26JAN,Economics,yes,63,63,0,93.0,5859,0,441,0.07526881720430108,1773388800,1773412408,23608,yes,1773412408,False,CLEAN
KXAAAGASW-26MAR16TH-3.690,KXAAAGASW-26MAR16TH,Economics,yes,510,510,0,98.0,49980,0,1020,0.02040816326530612,1773622800,1773674859,52059,yes,1773674859,False,CLEAN
KXAAAGASW-26MAR16TH-3.700,KXAAAGASW-26MAR16TH,Economics,yes,242,242,0,94.0,22748,0,1452,0.06382978723404255,1773626400,1773674859,48459,yes,1773674859,False,CLEAN
KXAAAGASW-26MAR16TH-3.740,KXAAAGASW-26MAR16TH,Economics,no,1,1,0,93.0,93,0,7,0.07526881720430108,1773626400,1773674859,48459,no,1773674859,False,CLEAN
KXFOMCDISSENTCOUNT-26MAR-3,KXFOMCDISSENTCOUNT-26MAR,Economics,no,68,68,0,90.0,6120,0,680,0.1111111111111111,1773842400,1773859229,16829,no,1773859229,False,CLEAN
KXAAAGASW-26MAR23-3.940,KXAAAGASW-26MAR23,Economics,yes,520,520,0,96.0,49920,0,2080,0.041666666666666664,1774224000,1774272871,48871,yes,1774272871,False,CLEAN
KXAAAGASW-26MAR23-3.930,KXAAAGASW-26MAR23,Economics,yes,61,61,0,96.0,5856,0,244,0.041666666666666664,1774231200,1774272870,41670,yes,1774272870,False,CLEAN
KXAAAGASW-26MAR23-3.970,KXAAAGASW-26MAR23,Economics,no,277,277,0,94.0,26038,0,1662,0.06382978723404255,1774231200,1774272771,41571,no,1774272771,False,CLEAN
KXAAAGASW-26MAR23-3.980,KXAAAGASW-26MAR23,Economics,no,187,187,0,97.0,18139,0,561,0.030927835051546393,1774234800,1774272771,37971,no,1774272771,False,CLEAN
KXAAAGASD-26MAR28-3.980,KXAAAGASD-26MAR28,Economics,no,520,520,0,96.0,49920,0,2080,0.041666666666666664,1774656000,1774714518,58518,no,1774714518,False,CLEAN
KXAAAGASD-26MAR28-3.985,KXAAAGASD-26MAR28,Economics,no,214,214,0,98.0,20972,0,428,0.02040816326530612,1774666800,1774714518,47718,no,1774714518,False,CLEAN
KXAAAGASM-26MAR31-4.04,KXAAAGASM-26MAR31,Economics,no,51,51,0,90.0,4590,9,501,0.10915032679738562,1774911600,1774963538,51938,no,1774963538,False,CLEAN
KXAAAGASM-26MAR31-4.06,KXAAAGASM-26MAR31,Economics,no,145,145,0,97.0,14065,8,427,0.03035904728048347,1774915200,1774963538,48338,no,1774963538,False,CLEAN
KXAAAGASM-26MAR31-4.08,KXAAAGASM-26MAR31,Economics,no,270,270,0,98.0,26460,10,530,0.0200302343159486,1774922400,1774963538,41138,no,1774963538,False,CLEAN
KXAAAGASM-26MAR31-4.00,KXAAAGASM-26MAR31,Economics,yes,92,92,0,93.0,8556,11,633,0.07398316970546985,1774926000,1774963538,37538,yes,1774963538,False,CLEAN
KXMUSKNW-26MAR31-T660,KXMUSKNW-26MAR31,Economics,no,168,168,0,93.0,15624,0,1176,0.07526881720430108,1774990800,1775003067,12267,no,1775003067,False,CLEAN
KXPAYROLLS-26MAR-T-75000,KXPAYROLLS-26MAR,Economics,yes,1,1,0,93.0,93,1,6,0.06451612903225806,1775206800,1775223683,16883,yes,1775223683,False,CLEAN
KXAAAGASW-26APR06-4.140,KXAAAGASW-26APR06,Economics,no,510,510,0,98.0,49980,0,1020,0.02040816326530612,1775430000,1775481883,51883,no,1775481883,False,CLEAN
KXAAAGASW-26APR06-4.150,KXAAAGASW-26APR06,Economics,no,10,10,0,98.0,980,0,20,0.02040816326530612,1775440800,1775481883,41083,no,1775481883,False,CLEAN
KXAAAGASD-26APR07-4.135,KXAAAGASD-26APR07,Economics,yes,357,357,0,91.0,32487,0,3213,0.0989010989010989,1775516400,1775569231,52831,yes,1775569231,False,CLEAN
KXAAAGASD-26APR09-4.175,KXAAAGASD-26APR09,Economics,no,40,40,0,92.0,3680,0,320,0.08695652173913043,1775692800,1775744235,51435,no,1775744235,False,CLEAN
KXECONSTATCPIYOY-26MAR-T3.1,KXECONSTATCPIYOY-26MAR,Economics,no,4,4,0,97.0,388,0,12,0.030927835051546393,1775822400,1775827924,5524,no,1775827924,False,CLEAN
KXCPIYOY-26MAR-T3.1,KXCPIYOY-26MAR,Economics,yes,5,5,0,95.0,475,1,24,0.05052631578947368,1775826000,1775826324,324,yes,1775826324,False,CLEAN
KXCPIYOY-26MAR-T3.5,KXCPIYOY-26MAR,Economics,no,62,62,0,93.0,5766,8,426,0.07388137356919876,1775826000,1775826324,324,no,1775826324,False,CLEAN
KXAAAGASW-26APR13-4.140,KXAAAGASW-26APR13,Economics,no,510,510,0,98.0,49980,0,1020,0.02040816326530612,1776034800,1776087329,52529,no,1776087329,False,CLEAN
KXAAAGASW-26APR13-4.110,KXAAAGASW-26APR13,Economics,yes,515,515,0,97.0,49955,0,1545,0.030927835051546393,1776038400,1776087329,48929,yes,1776087329,False,CLEAN
KXAAAGASD-26APR13-4.115,KXAAAGASD-26APR13,Economics,yes,464,464,0,93.0,43152,0,3248,0.07526881720430108,1776049200,1776087289,38089,yes,1776087289,False,CLEAN
KXAAAGASD-26APR17-4.085,KXAAAGASD-26APR17,Economics,no,325,325,0,90.0,29250,0,3250,0.1111111111111111,1776384000,1776434344,50344,no,1776434344,False,CLEAN
KXAAAGASD-26APR17-4.090,KXAAAGASD-26APR17,Economics,no,510,510,0,98.0,49980,0,1020,0.02040816326530612,1776394800,1776434344,39544,no,1776434344,False,CLEAN
KXAAAGASW-26APR20-4.050,KXAAAGASW-26APR20,Economics,no,325,325,0,90.0,29250,0,3250,0.1111111111111111,1776639600,1776693374,53774,no,1776693374,False,CLEAN
KXAAAGASW-26APR20-4.040,KXAAAGASW-26APR20,Economics,yes,406,406,0,92.0,37352,0,3248,0.08695652173913043,1776643200,1776693374,50174,yes,1776693374,False,CLEAN
KXAAAGASW-26APR20-4.060,KXAAAGASW-26APR20,Economics,no,233,233,0,97.0,22601,0,699,0.030927835051546393,1776646800,1776693374,46574,no,1776693374,False,CLEAN
KXAAAGASW-26APR27-4.100,KXAAAGASW-26APR27,Economics,yes,146,146,0,91.0,13286,0,1314,0.0989010989010989,1777255200,1777298989,43789,yes,1777298989,False,CLEAN
KXAAAGASW-26APR27-4.120,KXAAAGASW-26APR27,Economics,no,1,1,0,94.0,94,0,6,0.06382978723404255,1777255200,1777298989,43789,no,1777298989,False,CLEAN
KXCBDECISIONJAPAN-26APR27-HOLD,KXCBDECISIONJAPAN-26APR27,Economics,yes,12,12,0,98.0,1176,0,24,0.02040816326530612,1777330800,1777347638,16838,yes,1777347638,False,CLEAN
KXFOMCDISSENTCOUNT-26APR-0,KXFOMCDISSENTCOUNT-26APR,Economics,no,1,1,0,94.0,94,0,6,0.06382978723404255,1777482000,1777488765,6765,no,1777488765,False,CLEAN
KXAAAGASM-26APR30-4.40,KXAAAGASM-26APR30,Economics,no,76,76,0,97.0,7372,4,224,0.030385241454150842,1777503600,1777558146,54546,no,1777558146,False,CLEAN
KXAAAGASM-26APR30-4.28,KXAAAGASM-26APR30,Economics,yes,322,322,0,97.0,31234,17,949,0.030383556380867004,1777514400,1777558146,43746,yes,1777558146,False,CLEAN
KXAAAGASD-26APR30-4.280,KXAAAGASD-26APR30,Economics,yes,106,106,0,94.0,9964,0,636,0.06382978723404255,1777518000,1777557906,39906,yes,1777557906,False,CLEAN
KXAAAGASD-26MAY01-4.390,KXAAAGASD-26MAY01,Economics,yes,75,75,0,94.0,7050,0,450,0.06382978723404255,1777600800,1777644156,43356,yes,1777644156,False,CLEAN
KXUSDEBTMON-26MAY01-T39.10,KXUSDEBTMON-26MAY01,Economics,no,26,26,0,91.0,2366,0,234,0.0989010989010989,1777662000,1777668766,6766,no,1777668766,False,CLEAN
KXAAAGASW-26MAY04-4.440,KXAAAGASW-26MAY04,Economics,yes,320,320,0,98.0,31360,0,640,0.02040816326530612,1777852800,1777903741,50941,yes,1777903741,False,CLEAN
KXAAAGASW-26MAY04-4.470,KXAAAGASW-26MAY04,Economics,no,515,515,0,97.0,49955,0,1545,0.030927835051546393,1777860000,1777903741,43741,no,1777903741,False,CLEAN
KXCBDECISIONMEXICO-26MAY07-HOLD,KXCBDECISIONMEXICO-26MAY07,Economics,no,9,9,0,94.0,846,0,54,0.06382978723404255,1778166000,1778182619,16619,no,1778182619,False,CLEAN
KXPAYROLLS-26APR-T-50000,KXPAYROLLS-26APR,Economics,yes,3,3,0,91.0,273,1,26,0.09523809523809523,1778241600,1778248905,7305,yes,1778248905,False,CLEAN
KXPAYROLLS-26APR-T200000,KXPAYROLLS-26APR,Economics,no,15,15,0,98.0,1470,1,29,0.019727891156462583,1778241600,1778248905,7305,no,1778248905,False,CLEAN
KXAAAGASD-26MAY09-4.545,KXAAAGASD-26MAY09,Economics,no,510,510,0,98.0,49980,0,1020,0.02040816326530612,1778284800,1778329426,44626,no,1778329426,False,CLEAN
KXAAAGASD-26MAY09-4.540,KXAAAGASD-26MAY09,Economics,no,212,212,0,93.0,19716,0,1484,0.07526881720430108,1778295600,1778329426,33826,no,1778329426,False,CLEAN
KXAAAGASD-26MAY10-4.530,KXAAAGASD-26MAY10,Economics,no,485,485,0,95.0,46075,0,2425,0.05263157894736842,1778367600,1778421835,54235,no,1778421835,False,CLEAN
KXAAAGASD-26MAY10-4.525,KXAAAGASD-26MAY10,Economics,no,261,261,0,90.0,23490,0,2610,0.1111111111111111,1778378400,1778421835,43435,no,1778421835,False,CLEAN
KXAAAGASD-26MAY11-4.530,KXAAAGASD-26MAY11,Economics,no,182,182,0,97.0,17654,0,546,0.030927835051546393,1778454000,1778506955,52955,no,1778506955,False,CLEAN
KXAAAGASW-26MAY11-4.530,KXAAAGASW-26MAY11,Economics,no,531,531,0,94.0,49914,0,3186,0.06382978723404255,1778454000,1778506975,52975,no,1778506975,False,CLEAN
KXAAAGASD-26MAY11-4.515,KXAAAGASD-26MAY11,Economics,yes,341,341,0,95.0,32395,0,1705,0.05263157894736842,1778457600,1778506955,49355,yes,1778506955,False,CLEAN
KXAAAGASW-26MAY11-4.540,KXAAAGASW-26MAY11,Economics,no,510,510,0,98.0,49980,0,1020,0.02040816326530612,1778468400,1778506975,38575,no,1778506975,False,CLEAN
KXAAAGASD-26MAY12-4.510,KXAAAGASD-26MAY12,Economics,yes,5,5,0,90.0,450,0,-450,-1.0,1778547600,1778592815,45215,no,1778592815,False,CLEAN
KXCPICORE-26APR-T0.4,KXCPICORE-26APR,Economics,no,21,21,0,93.0,1953,0,147,0.07526881720430108,1778576400,1778597065,20665,no,1778597065,False,CLEAN
KXCPI-26APR-T0.7,KXCPI-26APR,Economics,no,62,62,0,97.0,6014,4,182,0.03026272031925507,1778587200,1778593005,5805,no,1778593005,False,CLEAN
KXCPIYOY-26APR-T3.8,KXCPIYOY-26APR,Economics,no,51,51,0,94.0,4794,6,300,0.0625782227784731,1778587200,1778593605,6405,no,1778593605,False,CLEAN
KXCPIYOY-26APR-T3.9,KXCPIYOY-26APR,Economics,no,6,6,0,98.0,588,1,11,0.01870748299319728,1778587200,1778593605,6405,no,1778593605,False,CLEAN
KXAAAGASD-26MAY14-4.525,KXAAAGASD-26MAY14,Economics,yes,316,316,0,92.0,29072,0,2528,0.08695652173913043,1778716800,1778766454,49654,yes,1778766454,False,CLEAN
KXAAAGASW-26MAY18-4.520,KXAAAGASW-26MAY18,Economics,no,531,531,0,94.0,49914,0,3186,0.06382978723404255,1779073200,1779111411,38211,no,1779111411,False,CLEAN
KXAAAGASD-26MAY23-4.540,KXAAAGASD-26MAY23,Economics,no,531,531,0,94.0,49914,0,3186,0.06382978723404255,1779490800,1779547381,56581,no,1779547381,False,CLEAN
KXAAAGASD-26MAY23-4.530,KXAAAGASD-26MAY23,Economics,yes,526,526,0,95.0,49970,0,-49970,-1.0,1779494400,1779547381,52981,no,1779547381,False,CLEAN
KXAAAGASD-26MAY23-4.545,KXAAAGASD-26MAY23,Economics,no,1,1,0,98.0,98,0,2,0.02040816326530612,1779501600,1779547381,45781,no,1779547381,False,CLEAN
KXAAAGASD-26MAY24-4.525,KXAAAGASD-26MAY24,Economics,no,214,214,0,97.0,20758,0,642,0.030927835051546393,1779584400,1779631991,47591,no,1779631991,False,CLEAN
KXAAAGASW-26MAY25-4.500,KXAAAGASW-26MAY25,Economics,yes,526,526,0,95.0,49970,0,2630,0.05263157894736842,1779667200,1779718211,51011,yes,1779718211,False,CONTAMINATED
KXAAAGASD-26MAY26-4.505,KXAAAGASD-26MAY26,Economics,no,367,367,0,94.0,34498,0,2202,0.06382978723404255,1779750000,1779800311,50311,no,1779800311,False,CONTAMINATED
KXAAAGASD-26MAY26-4.475,KXAAAGASD-26MAY26,Economics,yes,3,3,0,95.0,285,0,15,0.05263157894736842,1779760800,1779800311,39511,yes,1779800311,True,CONTAMINATED
KXAAAGASD-26MAY28-4.435,KXAAAGASD-26MAY28,Economics,no,48,48,0,95.0,4560,0,240,0.05263157894736842,1779922800,1779976729,53929,no,1779976729,False,CONTAMINATED
KXAAAGASD-26MAY29-4.380,KXAAAGASD-26MAY29,Economics,yes,69,69,0,92.0,6348,0,552,0.08695652173913043,1780016400,1780062316,45916,yes,1780062316,False,CONTAMINATED
KXAAAGASM-26MAY31-4.32,KXAAAGASM-26MAY31,Economics,yes,92,92,0,93.0,8556,11,633,0.07398316970546985,1780196400,1780243550,47150,yes,1780243550,True,CONTAMINATED
KXAAAGASM-26MAY31-4.35,KXAAAGASM-26MAY31,Economics,no,213,213,0,96.0,20448,15,837,0.0409330985915493,1780196400,1780243550,47150,no,1780243550,False,CONTAMINATED
KXAAAGASM-26MAY31-4.36,KXAAAGASM-26MAY31,Economics,no,58,58,0,98.0,5684,2,114,0.020056298381421533,1780196400,1780243550,47150,no,1780243550,False,CONTAMINATED
KXAAAGASD-26JUN01-4.335,KXAAAGASD-26JUN01,Economics,no,230,230,0,95.0,21850,0,1150,0.05263157894736842,1780268400,1780320960,52560,no,1780320960,False,CONTAMINATED
KXAAAGASD-26JUN03-4.265,KXAAAGASD-26JUN03,Economics,no,4,4,0,90.0,360,0,40,0.1111111111111111,1780444800,1780494424,49624,no,1780494424,False,CONTAMINATED
KXTRUEV-26JUN05-T1260.77,KXTRUEV-26JUN05,Economics,no,2,2,0,95.0,190,0,10,0.05263157894736842,1780700400,1780715744,15344,no,1780715744,False,CONTAMINATED
KXAAAGASD-26JUN06-4.200,KXAAAGASD-26JUN06,Economics,no,301,301,0,93.0,27993,0,2107,0.07526881720430108,1780704000,1780755914,51914,no,1780755914,False,CONTAMINATED
KXAAAGASW-26JUN08-4.170,KXAAAGASW-26JUN08,Economics,no,99,99,0,91.0,9009,0,891,0.0989010989010989,1780873200,1780926234,53034,no,1780926234,False,CONTAMINATED
KXAAAGASW-26JUN08-4.180,KXAAAGASW-26JUN08,Economics,no,7,7,0,98.0,686,0,14,0.02040816326530612,1780876800,1780926234,49434,no,1780926234,False,CONTAMINATED
KXAAAGASW-26JUN08-4.155,KXAAAGASW-26JUN08,Economics,yes,357,357,0,95.0,33915,0,1785,0.05263157894736842,1780880400,1780926234,45834,yes,1780926234,False,CONTAMINATED
KXAAAGASW-26JUN08-4.140,KXAAAGASW-26JUN08,Economics,yes,114,114,0,98.0,11172,0,228,0.02040816326530612,1780887600,1780926234,38634,yes,1780926234,False,CONTAMINATED
KXCPI-26MAY-T0.6,KXCPI-26MAY,Economics,no,25,25,0,95.0,2375,3,122,0.05136842105263158,1781085600,1781098504,12904,no,1781098504,False,CONTAMINATED
KXCPIYOY-26MAY-T4.1,KXCPIYOY-26MAY,Economics,yes,40,40,0,91.0,3640,6,354,0.09725274725274725,1781089200,1781098584,9384,yes,1781098584,False,CONTAMINATED
KXCPIYOY-26MAY-T4.4,KXCPIYOY-26MAY,Economics,no,46,46,0,95.0,4370,4,226,0.0517162471395881,1781092800,1781098584,5784,no,1781098584,False,CONTAMINATED
KXAAAGASD-26JUN14-4.075,KXAAAGASD-26JUN14,Economics,no,325,325,0,90.0,29250,0,3250,0.1111111111111111,1781391600,1781445093,53493,no,1781445093,False,CONTAMINATED
KXAAAGASD-26JUN14-4.065,KXAAAGASD-26JUN14,Economics,yes,218,218,0,95.0,20710,0,1090,0.05263157894736842,1781406000,1781445093,39093,yes,1781445093,True,CONTAMINATED
KXAAAGASD-26JUN15-4.060,KXAAAGASD-26JUN15,Economics,yes,451,451,0,96.0,43296,0,1804,0.041666666666666664,1781478000,1781530904,52904,yes,1781530904,False,CONTAMINATED
KXAAAGASW-26JUN15-4.060,KXAAAGASW-26JUN15,Economics,yes,515,515,0,97.0,49955,0,1545,0.030927835051546393,1781481600,1781530933,49333,yes,1781530933,False,CONTAMINATED
KXCBDECISIONJAPAN-26JUN15-H25,KXCBDECISIONJAPAN-26JUN15,Economics,yes,164,164,0,95.0,15580,0,820,0.05263157894736842,1781571600,1781582643,11043,yes,1781582643,False,CONTAMINATED
KXAAAGASD-26JUN17-4.030,KXAAAGASD-26JUN17,Economics,no,16,16,0,98.0,1568,0,32,0.02040816326530612,1781654400,1781705023,50623,no,1781705023,False,CONTAMINATED
KXAAAGASD-26JUN17-4.025,KXAAAGASD-26JUN17,Economics,no,339,339,0,92.0,31188,0,2712,0.08695652173913043,1781658000,1781705023,47023,no,1781705023,False,CONTAMINATED
KXCBDECISIONBRAZIL-26JUN17-HOLD,KXCBDECISIONBRAZIL-26JUN17,Economics,no,70,70,0,95.0,6650,0,350,0.05263157894736842,1781726400,1781736013,9613,no,1781736013,False,CONTAMINATED
KXAAAGASD-26JUN18-4.010,KXAAAGASD-26JUN18,Economics,no,35,35,0,98.0,3430,0,70,0.02040816326530612,1781737200,1781788788,51588,no,1781788788,False,CONTAMINATED
KXAAAGASD-26JUN22-3.9250,KXAAAGASD-26JUN22,Economics,yes,361,361,0,91.0,32851,0,3249,0.0989010989010989,1782086400,1782132974,46574,yes,1782132974,False,CONTAMINATED
KXAAAGASD-26JUN22-3.9350,KXAAAGASD-26JUN22,Economics,no,187,187,0,92.0,17204,0,1496,0.08695652173913043,1782086400,1782132974,46574,no,1782132974,False,CONTAMINATED
KXAAAGASD-26JUN22-3.9400,KXAAAGASD-26JUN22,Economics,no,509,509,0,98.0,49882,0,1018,0.02040816326530612,1782086400,1782132974,46574,no,1782132974,False,CONTAMINATED
KXAAAGASW-26JUN22-3.926,KXAAAGASW-26JUN22,Economics,yes,26,26,0,91.0,2366,0,234,0.0989010989010989,1782086400,1782134444,48044,yes,1782134444,True,CONTAMINATED
KXAAAGASW-26JUN22-3.936,KXAAAGASW-26JUN22,Economics,no,17,17,0,96.0,1632,0,68,0.041666666666666664,1782086400,1782134444,48044,no,1782134444,False,CONTAMINATED
KXAAAGASD-26JUN23-3.9200,KXAAAGASD-26JUN23,Economics,yes,197,197,0,95.0,18715,0,985,0.05263157894736842,1782180000,1782219784,39784,yes,1782219784,False,CONTAMINATED
KXAAAGASD-26JUN26-3.910,KXAAAGASD-26JUN26,Economics,no,338,338,0,95.0,32110,0,1690,0.05263157894736842,1782435600,1782480412,44812,no,1782480412,False,CONTAMINATED
KXAAAGASD-26JUN27-3.885,KXAAAGASD-26JUN27,Economics,no,520,520,0,96.0,49920,0,2080,0.041666666666666664,1782514800,1782565033,50233,no,1782565033,False,CONTAMINATED
KXAAAGASD-26JUN27-3.890,KXAAAGASD-26JUN27,Economics,no,52,52,0,98.0,5096,0,104,0.02040816326530612,1782529200,1782565033,35833,no,1782565033,False,CONTAMINATED
KXAAAGASD-26JUN28-3.875,KXAAAGASD-26JUN28,Economics,no,118,118,0,98.0,11564,0,236,0.02040816326530612,1782608400,1782664684,56284,no,1782664684,False,CONTAMINATED
KXAAAGASD-26JUN29-3.850,KXAAAGASD-26JUN29,Economics,yes,89,89,0,96.0,8544,0,356,0.041666666666666664,1782691200,1782738742,47542,yes,1782738742,True,CONTAMINATED
KXMUSKNW-26JUN30-T1000,KXMUSKNW-26JUN30,Economics,yes,502,502,0,95.0,47690,0,2510,0.05263157894736842,1782846000,1782863401,17401,yes,1782863401,False,CONTAMINATED
KXMUSKNW-26JUN30-T950,KXMUSKNW-26JUN30,Economics,yes,13,13,0,98.0,1274,0,26,0.02040816326530612,1782846000,1782863401,17401,yes,1782863401,False,CONTAMINATED
KXMUSKNW-26JUN30-T1100,KXMUSKNW-26JUN30,Economics,no,450,450,0,96.0,43200,0,1800,0.041666666666666664,1782849600,1782863401,13801,no,1782863401,False,CONTAMINATED
KXMUSKNW-26JUN30-T1200,KXMUSKNW-26JUN30,Economics,no,58,58,0,97.0,5626,0,174,0.030927835051546393,1782849600,1782863401,13801,no,1782863401,False,CONTAMINATED
KXMAJORPROTEST-26JUN,KXMAJORPROTEST-26JUN,Economics,no,23,23,0,95.0,2185,0,115,0.05263157894736842,1782874800,1782916483,41683,no,1782916483,False,CONTAMINATED
KXCREDITC-26JUL01-T4.25,KXCREDITC-26JUL01,Economics,no,90,90,0,98.0,8820,0,180,0.02040816326530612,1782903600,1782918003,14403,no,1782918003,False,CONTAMINATED
KXPAYROLLS-26JUN-T30000,KXPAYROLLS-26JUN,Economics,yes,62,62,0,91.0,5642,9,549,0.09730591988656505,1782990000,1782998874,8874,yes,1782998874,False,CONTAMINATED
KXAAAGASD-26JUL03-3.830,KXAAAGASD-26JUL03,Economics,no,151,151,0,92.0,13892,0,1208,0.08695652173913043,1783044000,1783082734,38734,no,1783082734,False,CONTAMINATED
KXAAAGASW-26JUL06-3.810,KXAAAGASW-26JUL06,Economics,no,515,515,0,97.0,49955,0,1545,0.030927835051546393,1783292400,1783339844,47444,no,1783339844,False,CONTAMINATED
KXAAAGASD-26JUL06-3.795,KXAAAGASD-26JUL06,Economics,yes,452,452,0,95.0,42940,0,2260,0.05263157894736842,1783296000,1783340134,44134,yes,1783340134,False,CONTAMINATED
KXAAAGASD-26JUL06-3.805,KXAAAGASD-26JUL06,Economics,no,99,99,0,93.0,9207,0,693,0.07526881720430108,1783299600,1783340134,40534,no,1783340134,False,CONTAMINATED
KXAAAGASD-26JUL07-3.795,KXAAAGASD-26JUL07,Economics,no,285,285,0,90.0,25650,0,2850,0.1111111111111111,1783382400,1783425334,42934,no,1783425334,True,CONTAMINATED
KXSPRLVL-26JUL08-T320,KXSPRLVL-26JUL08,Economics,no,36,36,0,91.0,3276,0,324,0.0989010989010989,1783504800,1783524594,19794,no,1783524594,False,CONTAMINATED
KXAAAGASD-26JUL09-3.815,KXAAAGASD-26JUL09,Economics,yes,150,150,0,93.0,13950,0,1050,0.07526881720430108,1783566000,1783602350,36350,yes,1783602350,False,CONTAMINATED
KXAAAGASD-26JUL09-3.820,KXAAAGASD-26JUL09,Economics,yes,212,212,0,93.0,19716,0,1484,0.07526881720430108,1783566000,1783602350,36350,yes,1783602350,False,CONTAMINATED
KXAAAGASD-26JUL13-3.870,KXAAAGASD-26JUL13,Economics,yes,82,82,0,90.0,7380,0,820,0.1111111111111111,1783911600,1783945109,33509,yes,1783945109,False,CONTAMINATED
KXAAAGASD-26JUL14-3.860,KXAAAGASD-26JUL14,Economics,yes,325,325,0,90.0,29250,0,-29250,-1.0,1783994400,1784028029,33629,no,1784028029,False,CONTAMINATED
KXCPIYOY-26JUN-T3.9,KXCPIYOY-26JUN,Economics,no,47,47,0,95.0,4465,4,231,0.05173572228443449,1784019600,1784033409,13809,no,1784033409,False,CONTAMINATED
KXAAAGASD-26JUL15-3.885,KXAAAGASD-26JUL15,Economics,yes,115,115,0,91.0,10465,0,1035,0.0989010989010989,1784070000,1784112935,42935,yes,1784112935,False,CONTAMINATED
KXAAAGASD-26JUL15-3.905,KXAAAGASD-26JUL15,Economics,no,184,184,0,90.0,16560,0,1840,0.1111111111111111,1784073600,1784112935,39335,no,1784112935,False,CONTAMINATED
KXAAAGASD-26JUL15-3.875,KXAAAGASD-26JUL15,Economics,yes,510,510,0,98.0,49980,0,1020,0.02040816326530612,1784077200,1784112935,35735,yes,1784112935,False,CONTAMINATED
KXAAAGASD-26JUL17-4.005,KXAAAGASD-26JUL17,Economics,no,50,50,0,96.0,4800,0,200,0.041666666666666664,1784242800,1784292932,50132,no,1784292932,False,CONTAMINATED
KXAAAGASD-26JUL17-3.995,KXAAAGASD-26JUL17,Economics,no,325,325,0,90.0,29250,0,3250,0.1111111111111111,1784250000,1784292932,42932,no,1784292932,False,CONTAMINATED
KXAAAGASW-26JUL20-4.010,KXAAAGASW-26JUL20,Economics,no,157,157,0,92.0,14444,0,1256,0.08695652173913043,1784505600,1784550749,45149,no,1784550749,False,CONTAMINATED
KXAAAGASD-26JUL22-4.050,KXAAAGASD-26JUL22,Economics,yes,268,268,0,90.0,24120,0,2680,0.1111111111111111,1784689200,1784721943,32743,yes,1784721943,False,CONTAMINATED
KXAAAGASD-26JUL24-4.100,KXAAAGASD-26JUL24,Economics,yes,235,235,0,98.0,23030,0,470,0.02040816326530612,1784854800,1784897726,42926,yes,1784897726,False,CONTAMINATED
KXAAAGASD-26JUL24-4.120,KXAAAGASD-26JUL24,Economics,no,387,387,0,98.0,37926,0,774,0.02040816326530612,1784854800,1784897726,42926,no,1784897726,False,CONTAMINATED
KXAAAGASD-26JUL24-4.115,KXAAAGASD-26JUL24,Economics,no,312,312,0,94.0,29328,0,1872,0.06382978723404255,1784858400,1784897726,39326,no,1784897726,False,CONTAMINATED
KXAAAGASD-26JUL25-4.115,KXAAAGASD-26JUL25,Economics,no,154,154,0,92.0,14168,0,1232,0.08695652173913043,1784934000,1784980226,46226,no,1784980226,False,CONTAMINATED
KXAAAGASD-26JUL26-4.120,KXAAAGASD-26JUL26,Economics,no,308,308,0,94.0,28952,0,1848,0.06382978723404255,1785020400,1785071146,50746,no,1785071146,False,CONTAMINATED
KXAAAGASD-26JUL26-4.125,KXAAAGASD-26JUL26,Economics,no,510,510,0,98.0,49980,0,1020,0.02040816326530612,1785034800,1785071146,36346,no,1785071146,False,CONTAMINATED
KXAAAGASD-26JUL27-4.115,KXAAAGASD-26JUL27,Economics,no,531,531,0,94.0,49914,0,3186,0.06382978723404255,1785106800,1785157826,51026,no,1785157826,False,CONTAMINATED
KXAAAGASD-26JUL27-4.120,KXAAAGASD-26JUL27,Economics,no,217,217,0,98.0,21266,0,434,0.02040816326530612,1785110400,1785157826,47426,no,1785157826,False,CONTAMINATED
KXAAAGASW-26JUL27-4.116,KXAAAGASW-26JUL27,Economics,no,166,166,0,98.0,16268,0,332,0.02040816326530612,1785114000,1785157746,43746,no,1785157746,False,CONTAMINATED
KXAAAGASD-26JUL27-4.100,KXAAAGASD-26JUL27,Economics,yes,294,294,0,98.0,28812,0,588,0.02040816326530612,1785117600,1785157826,40226,yes,1785157826,False,CONTAMINATED
KXAAAGASW-26JUL27-4.100,KXAAAGASW-26JUL27,Economics,yes,316,316,0,98.0,30968,0,632,0.02040816326530612,1785117600,1785157746,40146,yes,1785157746,False,CONTAMINATED
KXAAAGASD-26JUL29-4.105,KXAAAGASD-26JUL29,Economics,no,515,515,0,97.0,49955,0,1545,0.030927835051546393,1785279600,1785327936,48336,no,1785327936,False,CONTAMINATED
KXAAAGASD-26JUL29-4.070,KXAAAGASD-26JUL29,Economics,yes,510,510,0,98.0,49980,0,1020,0.02040816326530612,1785290400,1785327936,37536,yes,1785327936,False,CONTAMINATED
KXFOMCDISSENTCOUNT-26JUL-4,KXFOMCDISSENTCOUNT-26JUL,Economics,no,134,134,0,93.0,12462,0,938,0.07526881720430108,1785337200,1785350686,13486,no,1785350686,False,CONTAMINATED
KXAAAGASD-26JUL30-4.085,KXAAAGASD-26JUL30,Economics,yes,26,26,0,92.0,2392,0,208,0.08695652173913043,1785366000,1785413140,47140,yes,1785413140,False,CONTAMINATED
KXAAAGASD-26JUL30-4.100,KXAAAGASD-26JUL30,Economics,no,506,506,0,94.0,47564,0,3036,0.06382978723404255,1785369600,1785413140,43540,no,1785413140,False,CONTAMINATED
KXAAAGASD-26JUL31-4.100,KXAAAGASD-26JUL31,Economics,yes,464,464,0,93.0,43152,0,3248,0.07526881720430108,1785452400,1785499540,47140,yes,1785499540,False,CONTAMINATED
KXCBDECISIONJAPAN-26JUL30-HOLD,KXCBDECISIONJAPAN-26JUL30,Economics,yes,510,510,0,98.0,49980,0,1020,0.02040816326530612,1785459600,1785501740,42140,yes,1785501740,False,CONTAMINATED
KXAAAGASD-26JUL31-4.095,KXAAAGASD-26JUL31,Economics,yes,181,181,0,98.0,17738,0,362,0.02040816326530612,1785463200,1785499540,36340,yes,1785499540,False,CONTAMINATED
KXAAAGASM-26JUL31-4.10,KXAAAGASM-26JUL31,Economics,yes,62,62,0,91.0,5642,9,549,0.09730591988656505,1785463200,1785500690,37490,yes,1785500690,False,CONTAMINATED
KXMUSKNW-26JUL31-T700,KXMUSKNW-26JUL31,Economics,no,520,520,0,96.0,49920,0,2080,0.041666666666666664,1785531600,1785541560,9960,no,1785541560,False,CONTAMINATED
KXAAAGASD-26AUG01-4.110,KXAAAGASD-26AUG01,Economics,no,345,345,0,91.0,31395,0,3105,0.0989010989010989,1785549600,1785584730,35130,no,1785584730,False,CONTAMINATED
KXAAAGASD-26AUG02-4.110,KXAAAGASD-26AUG02,Economics,no,140,140,0,98.0,13720,0,280,0.02040816326530612,1785639600,1785669930,30330,no,1785669930,False,CONTAMINATED
KXAAAGASW-26AUG03-4.100,KXAAAGASW-26AUG03,Economics,no,387,387,0,93.0,35991,0,2709,0.07526881720430108,1785711600,1785753980,42380,no,1785753980,False,CONTAMINATED
KXAAAGASD-26AUG03-4.100,KXAAAGASD-26AUG03,Economics,no,190,190,0,94.0,17860,0,1140,0.06382978723404255,1785715200,1785754230,39030,no,1785754230,False,CONTAMINATED
KXAAAGASD-26AUG03-4.085,KXAAAGASD-26AUG03,Economics,yes,360,360,0,96.0,34560,0,1440,0.041666666666666664,1785726000,1785754230,28230,yes,1785754230,False,CONTAMINATED
KXAAAGASD-26AUG04-4.095,KXAAAGASD-26AUG04,Economics,no,406,406,0,92.0,37352,0,3248,0.08695652173913043,1785801600,1785844830,43230,no,1785844830,False,CONTAMINATED
KXAAAGASD-26AUG04-4.100,KXAAAGASD-26AUG04,Economics,no,52,52,0,98.0,5096,0,104,0.02040816326530612,1785801600,1785844830,43230,no,1785844830,False,CONTAMINATED
KXAAAGASD-26AUG04-4.085,KXAAAGASD-26AUG04,Economics,yes,213,213,0,97.0,20661,0,639,0.030927835051546393,1785805200,1785844830,39630,yes,1785844830,False,CONTAMINATED
KXAAAGASD-26AUG05-4.090,KXAAAGASD-26AUG05,Economics,no,428,428,0,98.0,41944,0,856,0.02040816326530612,1785884400,1785933630,49230,no,1785933630,False,CONTAMINATED
KXAAAGASD-26AUG05-4.070,KXAAAGASD-26AUG05,Economics,yes,520,520,0,96.0,49920,0,2080,0.041666666666666664,1785888000,1785933630,45630,yes,1785933630,False,CONTAMINATED
KXAAAGASD-26AUG05-4.075,KXAAAGASD-26AUG05,Economics,yes,33,33,0,94.0,3102,0,198,0.06382978723404255,1785898800,1785933630,34830,yes,1785933630,False,CONTAMINATED
KXAAAGASD-26AUG06-4.060,KXAAAGASD-26AUG06,Economics,yes,510,510,0,98.0,49980,0,1020,0.02040816326530612,1785978000,1786020031,42031,yes,1786020031,False,CONTAMINATED
KXAAAGASD-26AUG06-4.070,KXAAAGASD-26AUG06,Economics,no,25,25,0,90.0,2250,0,250,0.1111111111111111,1785978000,1786020031,42031,no,1786020031,False,CONTAMINATED
KXAAAGASD-26AUG06-4.075,KXAAAGASD-26AUG06,Economics,no,481,481,0,98.0,47138,0,962,0.02040816326530612,1785981600,1786020031,38431,no,1786020031,False,CONTAMINATED
KXAAAGASD-26AUG07-4.045,KXAAAGASD-26AUG07,Economics,no,13,13,0,90.0,1170,0,130,0.1111111111111111,1786068000,1786103135,35135,no,1786103135,False,CONTAMINATED
KXU3-26JUL-T4.3,KXU3-26JUL,Economics,no,62,62,0,91.0,5642,9,549,0.09730591988656505,1786104000,1786111535,7535,no,1786111535,False,CONTAMINATED
KXAAAGASD-26AUG08-4.025,KXAAAGASD-26AUG08,Economics,no,361,361,0,91.0,32851,0,3249,0.0989010989010989,1786147200,1786194025,46825,no,1786194025,False,CONTAMINATED
KXAAAGASD-26AUG08-4.030,KXAAAGASD-26AUG08,Economics,no,510,510,0,98.0,49980,0,1020,0.02040816326530612,1786150800,1786194025,43225,no,1786194025,False,CONTAMINATED
KXAAAGASD-26AUG09-4.015,KXAAAGASD-26AUG09,Economics,no,451,451,0,98.0,44198,0,902,0.02040816326530612,1786237200,1786280135,42935,no,1786280135,False,CONTAMINATED
KXAAAGASD-26AUG09-4.020,KXAAAGASD-26AUG09,Economics,no,298,298,0,98.0,29204,0,596,0.02040816326530612,1786244400,1786280135,35735,no,1786280135,False,CONTAMINATED
KXAAAGASD-26AUG10-4.010,KXAAAGASD-26AUG10,Economics,no,154,154,0,92.0,14168,0,1232,0.08695652173913043,1786320000,1786367145,47145,no,1786367145,False,CONTAMINATED
KXAAAGASW-26AUG10-4.000,KXAAAGASW-26AUG10,Economics,yes,515,515,0,97.0,49955,0,1545,0.030927835051546393,1786320000,1786367125,47125,yes,1786367125,False,CONTAMINATED
KXAAAGASW-26AUG10-4.010,KXAAAGASW-26AUG10,Economics,no,216,216,0,90.0,19440,0,2160,0.1111111111111111,1786320000,1786367125,47125,no,1786367125,False,CONTAMINATED
KXAAAGASD-26AUG10-4.000,KXAAAGASD-26AUG10,Economics,yes,373,373,0,96.0,35808,0,1492,0.041666666666666664,1786327200,1786367145,39945,yes,1786367145,False,CONTAMINATED
KXAAAGASD-26AUG11-4.015,KXAAAGASD-26AUG11,Economics,no,362,362,0,94.0,34028,0,2172,0.06382978723404255,1786402800,1786452029,49229,no,1786452029,False,CONTAMINATED
KXAAAGASD-26AUG11-4.020,KXAAAGASD-26AUG11,Economics,no,397,397,0,98.0,38906,0,794,0.02040816326530612,1786402800,1786452029,49229,no,1786452029,False,CONTAMINATED
KXAAAGASD-26AUG11-4.005,KXAAAGASD-26AUG11,Economics,yes,276,276,0,98.0,27048,0,552,0.02040816326530612,1786410000,1786452029,42029,yes,1786452029,False,CONTAMINATED
